{
    "uuid": "b59e8349-d868-11ee-bb66-552f1d10f6a7",
    "dataset": {
        "reslution": 32,
        "dataset_name": "SVHN",
        "regenerate": {
            "type": "class_sample",
            "rate": 0.5,
            "class_min": 2,
            "sample_min": 2000
        }
    },
    "loss fuction": "Focal",
    "model": "Swin",
    "hyperparameter": {
        "Epoch": 100,
        "BS": 512,
        "LR": 0.0001,
        "LR decay": "MultiStep",
        "optimize": "AdamW"
    },
    "td": {
        "0": {
            "loss_avg": 1.7227129909623735,
            "loss_var": 0.016762826150749463,
            "loss_var_more2": 0.6,
            "loss_var_less2": 0.3,
            "loss_var_more3": 0.5,
            "loss_var_less3": 0.3,
            "grad_avg": 1.8551335838476277,
            "grad_var": 0.0019098394348881428,
            "grad_var_more2": 0.4,
            "grad_var_less2": 0.6,
            "grad_var_more3": 0.4,
            "grad_var_less3": 0.6,
            "margin_avg": -0.4534306682081753,
            "margin_var": 0.05955100012229294,
            "margin_var_more2": 0.4,
            "margin_var_less2": 0.4,
            "margin_var_more3": 0.4,
            "margin_var_less3": 0.3,
            "possible_avg": 0.11330342505001878,
            "possible_var": 0.014770215639518445,
            "possible_var_more2": 0.3,
            "possible_var_less2": 0.5,
            "possible_var_more3": 0.3,
            "possible_var_less3": 0.5,
            "forget_avg": 0.3,
            "forget_var": 0.21000000000000002
        },
        "1": {
            "loss_avg": 1.7190192812119096,
            "loss_var": 0.013565186532827844,
            "loss_var_more2": 0.4,
            "loss_var_less2": 0.3,
            "loss_var_more3": 0.4,
            "loss_var_less3": 0.3,
            "grad_avg": 1.8559986454454236,
            "grad_var": 0.0014577613227874176,
            "grad_var_more2": 0.5,
            "grad_var_less2": 0.5,
            "grad_var_more3": 0.5,
            "grad_var_less3": 0.5,
            "margin_avg": -0.45993710968019663,
            "margin_var": 0.0633688107188925,
            "margin_var_more2": 0.2,
            "margin_var_less2": 0.2,
            "margin_var_more3": 0.2,
            "margin_var_less3": 0.2,
            "possible_avg": 0.11734945351070722,
            "possible_var": 0.011543516132672503,
            "possible_var_more2": 0.3,
            "possible_var_less2": 0.5,
            "possible_var_more3": 0.3,
            "possible_var_less3": 0.4,
            "forget_avg": 0.5,
            "forget_var": 0.25
        },
        "2": {
            "loss_avg": 1.6371461157174068,
            "loss_var": 0.03185739449196857,
            "loss_var_more2": 0.5,
            "loss_var_less2": 0.4,
            "loss_var_more3": 0.4,
            "loss_var_less3": 0.4,
            "grad_avg": 1.849179695500548,
            "grad_var": 0.0014370455307664298,
            "grad_var_more2": 0.4,
            "grad_var_less2": 0.6,
            "grad_var_more3": 0.4,
            "grad_var_less3": 0.6,
            "margin_avg": -0.3340901884823933,
            "margin_var": 0.09073352575890499,
            "margin_var_more2": 0.4,
            "margin_var_less2": 0.2,
            "margin_var_more3": 0.2,
            "margin_var_less3": 0.1,
            "possible_avg": 0.1960911861304566,
            "possible_var": 0.029494502660694255,
            "possible_var_more2": 0.4,
            "possible_var_less2": 0.5,
            "possible_var_more3": 0.4,
            "possible_var_less3": 0.5,
            "forget_avg": 0.7,
            "forget_var": 0.20999999999999996
        },
        "3": {
            "loss_avg": 1.6719364932641134,
            "loss_var": 0.010325306166362293,
            "loss_var_more2": 0.5,
            "loss_var_less2": 0.5,
            "loss_var_more3": 0.4,
            "loss_var_less3": 0.5,
            "grad_avg": 1.8279262543143595,
            "grad_var": 0.0007667588461613526,
            "grad_var_more2": 0.3,
            "grad_var_less2": 0.7,
            "grad_var_more3": 0.3,
            "grad_var_less3": 0.7,
            "margin_avg": -0.30647010476453257,
            "margin_var": 0.041343544287730176,
            "margin_var_more2": 0.4,
            "margin_var_less2": 0.4,
            "margin_var_more3": 0.4,
            "margin_var_less3": 0.3,
            "possible_avg": 0.15252937105921033,
            "possible_var": 0.009206659489831293,
            "possible_var_more2": 0.5,
            "possible_var_less2": 0.4,
            "possible_var_more3": 0.5,
            "possible_var_less3": 0.4,
            "forget_avg": 0.5,
            "forget_var": 0.25
        },
        "4": {
            "loss_avg": 1.6477241170768493,
            "loss_var": 0.05458830596349466,
            "loss_var_more2": 0.4,
            "loss_var_less2": 0.2,
            "loss_var_more3": 0.0,
            "loss_var_less3": 0.1,
            "grad_avg": 1.8498503349973212,
            "grad_var": 0.001649090739427429,
            "grad_var_more2": 0.4,
            "grad_var_less2": 0.6,
            "grad_var_more3": 0.4,
            "grad_var_less3": 0.6,
            "margin_avg": -0.29335536637589316,
            "margin_var": 0.1817129089362803,
            "margin_var_more2": 0.1,
            "margin_var_less2": 0.0,
            "margin_var_more3": 0.1,
            "margin_var_less3": 0.0,
            "possible_avg": 0.1863608506454389,
            "possible_var": 0.059346019127003116,
            "possible_var_more2": 0.1,
            "possible_var_less2": 0.3,
            "possible_var_more3": 0.1,
            "possible_var_less3": 0.0,
            "forget_avg": 0.3,
            "forget_var": 0.20999999999999996
        }
    }
}