{
    "uuid": "b6cb9942-d868-11ee-bb66-552f1d10f6a7",
    "dataset": {
        "reslution": 32,
        "dataset_name": "Fashion MNIST",
        "regenerate": {
            "type": "class_sample",
            "rate": 0.4,
            "class_min": 2,
            "sample_min": 2000
        }
    },
    "loss fuction": "LA",
    "model": "Mobilenet",
    "hyperparameter": {
        "Epoch": 11,
        "BS": 512,
        "LR": 0.0001,
        "LR decay": "MultiStep",
        "optimize": "AdamW"
    },
    "td": {
        "0": {
            "loss_avg": 1.5793435904223165,
            "loss_var": 0.09919758710571563,
            "loss_var_more2": 0.4,
            "loss_var_less2": 0.3,
            "loss_var_more3": 0.1,
            "loss_var_less3": 0.2,
            "grad_avg": 1.8657776897790916,
            "grad_var": 0.0036224497687361006,
            "grad_var_more2": 0.4,
            "grad_var_less2": 0.5,
            "grad_var_more3": 0.4,
            "grad_var_less3": 0.5,
            "margin_avg": -0.17930891873718274,
            "margin_var": 0.3232028471187235,
            "margin_var_more2": 0.2,
            "margin_var_less2": 0.1,
            "margin_var_more3": 0.1,
            "margin_var_less3": 0.0,
            "possible_avg": 0.2621631349135519,
            "possible_var": 0.1018280260305992,
            "possible_var_more2": 0.3,
            "possible_var_less2": 0.5,
            "possible_var_more3": 0.2,
            "possible_var_less3": 0.0,
            "forget_avg": 0.7,
            "forget_var": 0.20999999999999996
        },
        "1": {
            "loss_avg": 1.6006320503518254,
            "loss_var": 0.051509960742576376,
            "loss_var_more2": 0.5,
            "loss_var_less2": 0.3,
            "loss_var_more3": 0.4,
            "loss_var_less3": 0.3,
            "grad_avg": 1.8517987030637826,
            "grad_var": 0.001140008488012834,
            "grad_var_more2": 0.3,
            "grad_var_less2": 0.6,
            "grad_var_more3": 0.2,
            "grad_var_less3": 0.6,
            "margin_avg": -0.2525114801905588,
            "margin_var": 0.15928776622779584,
            "margin_var_more2": 0.3,
            "margin_var_less2": 0.2,
            "margin_var_more3": 0.1,
            "margin_var_less3": 0.1,
            "possible_avg": 0.23378317312642824,
            "possible_var": 0.04870784722075388,
            "possible_var_more2": 0.3,
            "possible_var_less2": 0.5,
            "possible_var_more3": 0.3,
            "possible_var_less3": 0.3,
            "forget_avg": 0.5,
            "forget_var": 0.25
        },
        "2": {
            "loss_avg": 1.650432039330962,
            "loss_var": 0.031437737793849965,
            "loss_var_more2": 0.3,
            "loss_var_less2": 0.3,
            "loss_var_more3": 0.3,
            "loss_var_less3": 0.3,
            "grad_avg": 1.8653753639958492,
            "grad_var": 0.0034295692262641918,
            "grad_var_more2": 0.4,
            "grad_var_less2": 0.6,
            "grad_var_more3": 0.4,
            "grad_var_less3": 0.5,
            "margin_avg": -0.3975605558026408,
            "margin_var": 0.13174880379677678,
            "margin_var_more2": 0.3,
            "margin_var_less2": 0.3,
            "margin_var_more3": 0.1,
            "margin_var_less3": 0.2,
            "possible_avg": 0.19072048705888928,
            "possible_var": 0.025483990885578723,
            "possible_var_more2": 0.3,
            "possible_var_less2": 0.4,
            "possible_var_more3": 0.2,
            "possible_var_less3": 0.3,
            "forget_avg": 0.4,
            "forget_var": 0.24
        },
        "3": {
            "loss_avg": 1.72181682715118,
            "loss_var": 0.03370704730803636,
            "loss_var_more2": 0.4,
            "loss_var_less2": 0.3,
            "loss_var_more3": 0.3,
            "loss_var_less3": 0.3,
            "grad_avg": 1.8699639477921295,
            "grad_var": 0.004681172065791895,
            "grad_var_more2": 0.3,
            "grad_var_less2": 0.7,
            "grad_var_more3": 0.3,
            "grad_var_less3": 0.7,
            "margin_avg": -0.46230074495161083,
            "margin_var": 0.14760386472752318,
            "margin_var_more2": 0.1,
            "margin_var_less2": 0.3,
            "margin_var_more3": 0.1,
            "margin_var_less3": 0.3,
            "possible_avg": 0.12172168315275922,
            "possible_var": 0.028143992515514644,
            "possible_var_more2": 0.3,
            "possible_var_less2": 0.6,
            "possible_var_more3": 0.2,
            "possible_var_less3": 0.4,
            "forget_avg": 0.6,
            "forget_var": 0.24000000000000005
        },
        "4": {
            "loss_avg": 1.6780304130708625,
            "loss_var": 0.036450000014034215,
            "loss_var_more2": 0.6,
            "loss_var_less2": 0.3,
            "loss_var_more3": 0.3,
            "loss_var_less3": 0.1,
            "grad_avg": 1.8462870751782787,
            "grad_var": 0.0005626819483885114,
            "grad_var_more2": 0.7,
            "grad_var_less2": 0.3,
            "grad_var_more3": 0.7,
            "grad_var_less3": 0.3,
            "margin_avg": -0.36877677724072877,
            "margin_var": 0.10875832740494887,
            "margin_var_more2": 0.1,
            "margin_var_less2": 0.2,
            "margin_var_more3": 0.1,
            "margin_var_less3": 0.0,
            "possible_avg": 0.15399501567990395,
            "possible_var": 0.03613636162887823,
            "possible_var_more2": 0.1,
            "possible_var_less2": 0.6,
            "possible_var_more3": 0.1,
            "possible_var_less3": 0.3,
            "forget_avg": 0.8,
            "forget_var": 0.16
        }
    }
}