{
    "uuid": "b6cb9900-d868-11ee-bb66-552f1d10f6a7",
    "dataset": {
        "reslution": 224,
        "dataset_name": "Stanford Cars",
        "regenerate": {
            "type": "long_tail_generate",
            "sample": 1,
            "sample_type": "class",
            "rate": 100,
            "sample_min": 2000
        }
    },
    "loss fuction": "CE",
    "model": "Vit",
    "hyperparameter": {
        "Epoch": 150,
        "BS": 128,
        "LR": 0.0001,
        "LR decay": "MultiStep",
        "optimize": "AdamW"
    },
    "td": {
        "0": {
            "loss_avg": 1.6943372348043666,
            "loss_var": 0.05777521880828767,
            "loss_var_more2": 0.1,
            "loss_var_less2": 0.1,
            "loss_var_more3": 0.0,
            "loss_var_less3": 0.1,
            "grad_avg": 1.8744857233528596,
            "grad_var": 0.00166308596892194,
            "grad_var_more2": 0.4,
            "grad_var_less2": 0.3,
            "grad_var_more3": 0.4,
            "grad_var_less3": 0.3,
            "margin_avg": -0.44552223446525263,
            "margin_var": 0.20513354702583475,
            "margin_var_more2": 0.1,
            "margin_var_less2": 0.0,
            "margin_var_more3": 0.1,
            "margin_var_less3": 0.0,
            "possible_avg": 0.15051748694111441,
            "possible_var": 0.06108004874502374,
            "possible_var_more2": 0.1,
            "possible_var_less2": 0.1,
            "possible_var_more3": 0.1,
            "possible_var_less3": 0.0,
            "forget_avg": 0.8,
            "forget_var": 0.16
        },
        "1": {
            "loss_avg": 1.4840716651172066,
            "loss_var": 0.1102141276001351,
            "loss_var_more2": 0.4,
            "loss_var_less2": 0.4,
            "loss_var_more3": 0.3,
            "loss_var_less3": 0.1,
            "grad_avg": 1.8602219404233853,
            "grad_var": 0.0013511466171786555,
            "grad_var_more2": 0.5,
            "grad_var_less2": 0.4,
            "grad_var_more3": 0.5,
            "grad_var_less3": 0.4,
            "margin_avg": -0.00830896433964028,
            "margin_var": 0.2615506283568978,
            "margin_var_more2": 0.1,
            "margin_var_less2": 0.2,
            "margin_var_more3": 0.1,
            "margin_var_less3": 0.0,
            "possible_avg": 0.3536699436338534,
            "possible_var": 0.11685993929047177,
            "possible_var_more2": 0.4,
            "possible_var_less2": 0.4,
            "possible_var_more3": 0.1,
            "possible_var_less3": 0.0,
            "forget_avg": 0.3,
            "forget_var": 0.21000000000000002
        },
        "2": {
            "loss_avg": 1.6519302534823574,
            "loss_var": 0.06987448768665613,
            "loss_var_more2": 0.3,
            "loss_var_less2": 0.2,
            "loss_var_more3": 0.0,
            "loss_var_less3": 0.2,
            "grad_avg": 1.8570500754416508,
            "grad_var": 0.0021057510153275854,
            "grad_var_more2": 0.5,
            "grad_var_less2": 0.5,
            "grad_var_more3": 0.5,
            "grad_var_less3": 0.5,
            "margin_avg": -0.3155551833390332,
            "margin_var": 0.22640354405883492,
            "margin_var_more2": 0.2,
            "margin_var_less2": 0.0,
            "margin_var_more3": 0.1,
            "margin_var_less3": 0.0,
            "possible_avg": 0.1853759392416498,
            "possible_var": 0.07553759401637665,
            "possible_var_more2": 0.2,
            "possible_var_less2": 0.3,
            "possible_var_more3": 0.1,
            "possible_var_less3": 0.0,
            "forget_avg": 0.3,
            "forget_var": 0.21000000000000002
        },
        "3": {
            "loss_avg": 1.66031601270085,
            "loss_var": 0.03502693048385703,
            "loss_var_more2": 0.4,
            "loss_var_less2": 0.2,
            "loss_var_more3": 0.3,
            "loss_var_less3": 0.1,
            "grad_avg": 1.8465809172827843,
            "grad_var": 0.0008083149522664754,
            "grad_var_more2": 0.4,
            "grad_var_less2": 0.5,
            "grad_var_more3": 0.4,
            "grad_var_less3": 0.5,
            "margin_avg": -0.353060305504696,
            "margin_var": 0.11064999127992393,
            "margin_var_more2": 0.1,
            "margin_var_less2": 0.2,
            "margin_var_more3": 0.1,
            "margin_var_less3": 0.1,
            "possible_avg": 0.17207015187273436,
            "possible_var": 0.034898784339927685,
            "possible_var_more2": 0.2,
            "possible_var_less2": 0.4,
            "possible_var_more3": 0.1,
            "possible_var_less3": 0.3,
            "forget_avg": 0.6,
            "forget_var": 0.24000000000000005
        },
        "4": {
            "loss_avg": 1.6754994749411605,
            "loss_var": 0.022109076802527144,
            "loss_var_more2": 0.4,
            "loss_var_less2": 0.4,
            "loss_var_more3": 0.4,
            "loss_var_less3": 0.3,
            "grad_avg": 1.836679420028677,
            "grad_var": 0.001242001644005608,
            "grad_var_more2": 0.4,
            "grad_var_less2": 0.6,
            "grad_var_more3": 0.4,
            "grad_var_less3": 0.6,
            "margin_avg": -0.34441197140789603,
            "margin_var": 0.07237348276658115,
            "margin_var_more2": 0.3,
            "margin_var_less2": 0.3,
            "margin_var_more3": 0.2,
            "margin_var_less3": 0.2,
            "possible_avg": 0.15274158955398415,
            "possible_var": 0.019938641711991487,
            "possible_var_more2": 0.3,
            "possible_var_less2": 0.4,
            "possible_var_more3": 0.3,
            "possible_var_less3": 0.4,
            "forget_avg": 0.4,
            "forget_var": 0.24000000000000005
        }
    }
}