{
    "uuid": "b6cb978d-d868-11ee-bb66-552f1d10f6a7",
    "dataset": {
        "reslution": 224,
        "dataset_name": "EuroSAT",
        "regenerate": {
            "type": "class_sample",
            "rate": 0.4,
            "class_min": 2,
            "sample_min": 2000
        }
    },
    "loss fuction": "LS",
    "model": "Swin",
    "hyperparameter": {
        "Epoch": 8,
        "BS": 64,
        "LR": 0.0001,
        "LR decay": "Warm-up",
        "optimize": "SGD"
    },
    "td": {
        "0": {
            "loss_avg": 1.6469626796284562,
            "loss_var": 0.06177436334328373,
            "loss_var_more2": 0.4,
            "loss_var_less2": 0.2,
            "loss_var_more3": 0.1,
            "loss_var_less3": 0.2,
            "grad_avg": 1.8553680922496043,
            "grad_var": 0.0026515510339173683,
            "grad_var_more2": 0.2,
            "grad_var_less2": 0.6,
            "grad_var_more3": 0.2,
            "grad_var_less3": 0.6,
            "margin_avg": -0.3037423256078918,
            "margin_var": 0.18884631014929665,
            "margin_var_more2": 0.1,
            "margin_var_less2": 0.1,
            "margin_var_more3": 0.1,
            "margin_var_less3": 0.1,
            "possible_avg": 0.18955891599728308,
            "possible_var": 0.06430373319313269,
            "possible_var_more2": 0.2,
            "possible_var_less2": 0.4,
            "possible_var_more3": 0.2,
            "possible_var_less3": 0.0,
            "forget_avg": 0.4,
            "forget_var": 0.24000000000000005
        },
        "1": {
            "loss_avg": 1.6713622705184341,
            "loss_var": 0.027270841407689317,
            "loss_var_more2": 0.5,
            "loss_var_less2": 0.4,
            "loss_var_more3": 0.5,
            "loss_var_less3": 0.4,
            "grad_avg": 1.845767700572371,
            "grad_var": 0.0021560843514400354,
            "grad_var_more2": 0.4,
            "grad_var_less2": 0.6,
            "grad_var_more3": 0.4,
            "grad_var_less3": 0.6,
            "margin_avg": -0.3429823672594828,
            "margin_var": 0.10331547879310536,
            "margin_var_more2": 0.4,
            "margin_var_less2": 0.2,
            "margin_var_more3": 0.2,
            "margin_var_less3": 0.2,
            "possible_avg": 0.16084974196200835,
            "possible_var": 0.023431280326794705,
            "possible_var_more2": 0.4,
            "possible_var_less2": 0.5,
            "possible_var_more3": 0.4,
            "possible_var_less3": 0.5,
            "forget_avg": 0.1,
            "forget_var": 0.09000000000000001
        },
        "2": {
            "loss_avg": 1.6437505634909542,
            "loss_var": 0.05536178187594888,
            "loss_var_more2": 0.4,
            "loss_var_less2": 0.2,
            "loss_var_more3": 0.3,
            "loss_var_less3": 0.2,
            "grad_avg": 1.8581376739856315,
            "grad_var": 0.001144022747902819,
            "grad_var_more2": 0.3,
            "grad_var_less2": 0.7,
            "grad_var_more3": 0.3,
            "grad_var_less3": 0.7,
            "margin_avg": -0.3376506469022712,
            "margin_var": 0.16340217816150854,
            "margin_var_more2": 0.2,
            "margin_var_less2": 0.2,
            "margin_var_more3": 0.2,
            "margin_var_less3": 0.0,
            "possible_avg": 0.19343241139775263,
            "possible_var": 0.0546333437503759,
            "possible_var_more2": 0.2,
            "possible_var_less2": 0.4,
            "possible_var_more3": 0.2,
            "possible_var_less3": 0.2,
            "forget_avg": 0.4,
            "forget_var": 0.24
        },
        "3": {
            "loss_avg": 1.52935495998887,
            "loss_var": 0.03415401342181342,
            "loss_var_more2": 0.4,
            "loss_var_less2": 0.3,
            "loss_var_more3": 0.4,
            "loss_var_less3": 0.3,
            "grad_avg": 1.8327666845425064,
            "grad_var": 0.0005262663910030715,
            "grad_var_more2": 0.3,
            "grad_var_less2": 0.6,
            "grad_var_more3": 0.3,
            "grad_var_less3": 0.6,
            "margin_avg": -0.1123477620265213,
            "margin_var": 0.09022152561907902,
            "margin_var_more2": 0.2,
            "margin_var_less2": 0.3,
            "margin_var_more3": 0.2,
            "margin_var_less3": 0.1,
            "possible_avg": 0.29689947874778644,
            "possible_var": 0.03660800002548283,
            "possible_var_more2": 0.3,
            "possible_var_less2": 0.4,
            "possible_var_more3": 0.2,
            "possible_var_less3": 0.3,
            "forget_avg": 0.5,
            "forget_var": 0.25
        },
        "4": {
            "loss_avg": 1.6431502324627167,
            "loss_var": 0.06118159540194579,
            "loss_var_more2": 0.4,
            "loss_var_less2": 0.2,
            "loss_var_more3": 0.0,
            "loss_var_less3": 0.2,
            "grad_avg": 1.8759225399774901,
            "grad_var": 0.0012531856002113407,
            "grad_var_more2": 0.4,
            "grad_var_less2": 0.5,
            "grad_var_more3": 0.4,
            "grad_var_less3": 0.5,
            "margin_avg": -0.38501207009629124,
            "margin_var": 0.20178422546419256,
            "margin_var_more2": 0.2,
            "margin_var_less2": 0.1,
            "margin_var_more3": 0.1,
            "margin_var_less3": 0.0,
            "possible_avg": 0.20184949390174625,
            "possible_var": 0.0603827389775847,
            "possible_var_more2": 0.2,
            "possible_var_less2": 0.4,
            "possible_var_more3": 0.2,
            "possible_var_less3": 0.1,
            "forget_avg": 0.5,
            "forget_var": 0.25
        }
    }
}