{
    "uuid": "b6cb9839-d868-11ee-bb66-552f1d10f6a7",
    "dataset": {
        "reslution": 224,
        "dataset_name": "Flowers102",
        "regenerate": {
            "type": "sample_sample",
            "rate": 0.3,
            "sample_min": 2000
        }
    },
    "loss fuction": "LA",
    "model": "VGG",
    "hyperparameter": {
        "Epoch": 17,
        "BS": 64,
        "LR": 0.0001,
        "LR decay": "MultiStep",
        "optimize": "Adam"
    },
    "td": {
        "0": {
            "loss_avg": 1.6865709086725456,
            "loss_var": 0.015598377967070889,
            "loss_var_more2": 0.5,
            "loss_var_less2": 0.3,
            "loss_var_more3": 0.5,
            "loss_var_less3": 0.3,
            "grad_avg": 1.8510735165340422,
            "grad_var": 0.0014763064030149816,
            "grad_var_more2": 0.6,
            "grad_var_less2": 0.4,
            "grad_var_more3": 0.6,
            "grad_var_less3": 0.4,
            "margin_avg": -0.3999390178341068,
            "margin_var": 0.08490751480035778,
            "margin_var_more2": 0.3,
            "margin_var_less2": 0.3,
            "margin_var_more3": 0.2,
            "margin_var_less3": 0.1,
            "possible_avg": 0.14776217013977772,
            "possible_var": 0.013448719881572082,
            "possible_var_more2": 0.3,
            "possible_var_less2": 0.5,
            "possible_var_more3": 0.3,
            "possible_var_less3": 0.5,
            "forget_avg": 0.5,
            "forget_var": 0.25
        },
        "1": {
            "loss_avg": 1.7454678247770758,
            "loss_var": 0.010979182715031378,
            "loss_var_more2": 0.5,
            "loss_var_less2": 0.3,
            "loss_var_more3": 0.5,
            "loss_var_less3": 0.3,
            "grad_avg": 1.857783070319298,
            "grad_var": 0.0014751960197096651,
            "grad_var_more2": 0.5,
            "grad_var_less2": 0.5,
            "grad_var_more3": 0.5,
            "grad_var_less3": 0.5,
            "margin_avg": -0.4914490335328446,
            "margin_var": 0.047476139889920735,
            "margin_var_more2": 0.3,
            "margin_var_less2": 0.4,
            "margin_var_more3": 0.2,
            "margin_var_less3": 0.3,
            "possible_avg": 0.09145895108437611,
            "possible_var": 0.008759667949782763,
            "possible_var_more2": 0.3,
            "possible_var_less2": 0.6,
            "possible_var_more3": 0.3,
            "possible_var_less3": 0.6,
            "forget_avg": 0.2,
            "forget_var": 0.16000000000000006
        },
        "2": {
            "loss_avg": 1.6220156237665861,
            "loss_var": 0.05571269179201889,
            "loss_var_more2": 0.4,
            "loss_var_less2": 0.2,
            "loss_var_more3": 0.3,
            "loss_var_less3": 0.2,
            "grad_avg": 1.839948451825229,
            "grad_var": 0.0006461246309036425,
            "grad_var_more2": 0.5,
            "grad_var_less2": 0.5,
            "grad_var_more3": 0.5,
            "grad_var_less3": 0.5,
            "margin_avg": -0.23506536959608204,
            "margin_var": 0.14894409392466054,
            "margin_var_more2": 0.2,
            "margin_var_less2": 0.2,
            "margin_var_more3": 0.2,
            "margin_var_less3": 0.0,
            "possible_avg": 0.20747182251365395,
            "possible_var": 0.05817634334113095,
            "possible_var_more2": 0.2,
            "possible_var_less2": 0.4,
            "possible_var_more3": 0.2,
            "possible_var_less3": 0.2,
            "forget_avg": 0.7,
            "forget_var": 0.20999999999999996
        },
        "3": {
            "loss_avg": 1.6790165511090382,
            "loss_var": 0.025626887103572752,
            "loss_var_more2": 0.6,
            "loss_var_less2": 0.3,
            "loss_var_more3": 0.5,
            "loss_var_less3": 0.3,
            "grad_avg": 1.8474416612397164,
            "grad_var": 0.0012388968539217002,
            "grad_var_more2": 0.4,
            "grad_var_less2": 0.6,
            "grad_var_more3": 0.4,
            "grad_var_less3": 0.6,
            "margin_avg": -0.3771206251633949,
            "margin_var": 0.06390829895172725,
            "margin_var_more2": 0.1,
            "margin_var_less2": 0.2,
            "margin_var_more3": 0.1,
            "margin_var_less3": 0.2,
            "possible_avg": 0.15355211874905236,
            "possible_var": 0.025657269395593794,
            "possible_var_more2": 0.3,
            "possible_var_less2": 0.5,
            "possible_var_more3": 0.3,
            "possible_var_less3": 0.5,
            "forget_avg": 0.6,
            "forget_var": 0.24000000000000005
        },
        "4": {
            "loss_avg": 1.6221925180719083,
            "loss_var": 0.0720962729782591,
            "loss_var_more2": 0.4,
            "loss_var_less2": 0.2,
            "loss_var_more3": 0.0,
            "loss_var_less3": 0.2,
            "grad_avg": 1.8628615568352536,
            "grad_var": 0.0020423565557796492,
            "grad_var_more2": 0.3,
            "grad_var_less2": 0.7,
            "grad_var_more3": 0.3,
            "grad_var_less3": 0.7,
            "margin_avg": -0.28637351205054185,
            "margin_var": 0.21083357451325765,
            "margin_var_more2": 0.1,
            "margin_var_less2": 0.0,
            "margin_var_more3": 0.1,
            "margin_var_less3": 0.0,
            "possible_avg": 0.21720781789732874,
            "possible_var": 0.0795255409730361,
            "possible_var_more2": 0.2,
            "possible_var_less2": 0.4,
            "possible_var_more3": 0.2,
            "possible_var_less3": 0.0,
            "forget_avg": 0.6,
            "forget_var": 0.24
        }
    }
}