{
    "uuid": "b6cb97a5-d868-11ee-bb66-552f1d10f6a7",
    "dataset": {
        "reslution": 224,
        "dataset_name": "Clothing1M",
        "regenerate": {
            "type": "noise_generate",
            "sample": 1,
            "sample_type": "class",
            "types": "Asym",
            "rate": 0.4,
            "sample_min": 2000
        }
    },
    "loss fuction": "LA",
    "model": "Mobilenet",
    "hyperparameter": {
        "Epoch": 150,
        "BS": 256,
        "LR": 0.1,
        "LR decay": "MultiStep",
        "optimize": "Adam"
    },
    "td": {
        "0": {
            "loss_avg": 1.6643614054110245,
            "loss_var": 0.035990566457526754,
            "loss_var_more2": 0.5,
            "loss_var_less2": 0.4,
            "loss_var_more3": 0.4,
            "loss_var_less3": 0.4,
            "grad_avg": 1.8555703511610802,
            "grad_var": 0.0030623173000543366,
            "grad_var_more2": 0.3,
            "grad_var_less2": 0.6,
            "grad_var_more3": 0.3,
            "grad_var_less3": 0.6,
            "margin_avg": -0.36824685440810934,
            "margin_var": 0.11814539809586128,
            "margin_var_more2": 0.2,
            "margin_var_less2": 0.3,
            "margin_var_more3": 0.2,
            "margin_var_less3": 0.2,
            "possible_avg": 0.1723157277080556,
            "possible_var": 0.03240683267503913,
            "possible_var_more2": 0.4,
            "possible_var_less2": 0.5,
            "possible_var_more3": 0.4,
            "possible_var_less3": 0.4,
            "forget_avg": 0.7,
            "forget_var": 0.21000000000000002
        },
        "1": {
            "loss_avg": 1.7324618100093248,
            "loss_var": 0.04593241444622523,
            "loss_var_more2": 0.4,
            "loss_var_less2": 0.2,
            "loss_var_more3": 0.1,
            "loss_var_less3": 0.2,
            "grad_avg": 1.87977538663745,
            "grad_var": 0.0026181136618400117,
            "grad_var_more2": 0.5,
            "grad_var_less2": 0.5,
            "grad_var_more3": 0.5,
            "grad_var_less3": 0.5,
            "margin_avg": -0.4876076926500942,
            "margin_var": 0.16751404087030874,
            "margin_var_more2": 0.2,
            "margin_var_less2": 0.1,
            "margin_var_more3": 0.2,
            "margin_var_less3": 0.0,
            "possible_avg": 0.11458824276450633,
            "possible_var": 0.04264786609653291,
            "possible_var_more2": 0.2,
            "possible_var_less2": 0.6,
            "possible_var_more3": 0.2,
            "possible_var_less3": 0.0,
            "forget_avg": 0.8,
            "forget_var": 0.16000000000000003
        },
        "2": {
            "loss_avg": 1.5577715891121993,
            "loss_var": 0.0663843846298876,
            "loss_var_more2": 0.5,
            "loss_var_less2": 0.3,
            "loss_var_more3": 0.4,
            "loss_var_less3": 0.3,
            "grad_avg": 1.844745848877056,
            "grad_var": 0.0009420037004773739,
            "grad_var_more2": 0.5,
            "grad_var_less2": 0.4,
            "grad_var_more3": 0.5,
            "grad_var_less3": 0.4,
            "margin_avg": -0.1278070676563837,
            "margin_var": 0.1991618917235609,
            "margin_var_more2": 0.3,
            "margin_var_less2": 0.2,
            "margin_var_more3": 0.1,
            "margin_var_less3": 0.0,
            "possible_avg": 0.2735852214136847,
            "possible_var": 0.06625175811233198,
            "possible_var_more2": 0.3,
            "possible_var_less2": 0.5,
            "possible_var_more3": 0.3,
            "possible_var_less3": 0.3,
            "forget_avg": 0.4,
            "forget_var": 0.24
        },
        "3": {
            "loss_avg": 1.7020930593600654,
            "loss_var": 0.06683800024170519,
            "loss_var_more2": 0.1,
            "loss_var_less2": 0.1,
            "loss_var_more3": 0.0,
            "loss_var_less3": 0.1,
            "grad_avg": 1.8649598338986912,
            "grad_var": 0.0023970235305095216,
            "grad_var_more2": 0.4,
            "grad_var_less2": 0.6,
            "grad_var_more3": 0.4,
            "grad_var_less3": 0.6,
            "margin_avg": -0.3819209838023907,
            "margin_var": 0.21636457060501824,
            "margin_var_more2": 0.1,
            "margin_var_less2": 0.1,
            "margin_var_more3": 0.1,
            "margin_var_less3": 0.0,
            "possible_avg": 0.13841960016121088,
            "possible_var": 0.0734865151095435,
            "possible_var_more2": 0.1,
            "possible_var_less2": 0.0,
            "possible_var_more3": 0.1,
            "possible_var_less3": 0.0,
            "forget_avg": 0.7,
            "forget_var": 0.20999999999999996
        },
        "4": {
            "loss_avg": 1.535801498339703,
            "loss_var": 0.08371493532880177,
            "loss_var_more2": 0.4,
            "loss_var_less2": 0.3,
            "loss_var_more3": 0.2,
            "loss_var_less3": 0.3,
            "grad_avg": 1.8502048690313941,
            "grad_var": 0.0017586669461758708,
            "grad_var_more2": 0.6,
            "grad_var_less2": 0.4,
            "grad_var_more3": 0.6,
            "grad_var_less3": 0.4,
            "margin_avg": -0.10405671065463636,
            "margin_var": 0.2468471488470222,
            "margin_var_more2": 0.3,
            "margin_var_less2": 0.2,
            "margin_var_more3": 0.1,
            "margin_var_less3": 0.0,
            "possible_avg": 0.29848279769059743,
            "possible_var": 0.08707924026028771,
            "possible_var_more2": 0.3,
            "possible_var_less2": 0.5,
            "possible_var_more3": 0.3,
            "possible_var_less3": 0.2,
            "forget_avg": 0.4,
            "forget_var": 0.24
        }
    }
}