{
    "uuid": "b6cb97cd-d868-11ee-bb66-552f1d10f6a7",
    "dataset": {
        "reslution": 224,
        "dataset_name": "FGVCAircraft",
        "regenerate": {
            "type": "noise_generate",
            "sample": 1,
            "sample_type": "sample",
            "types": "Asym",
            "rate": 0.8,
            "sample_min": 2000
        }
    },
    "loss fuction": "LA",
    "model": "ResNet",
    "hyperparameter": {
        "Epoch": 7,
        "BS": 512,
        "LR": 0.0001,
        "LR decay": "MultiStep",
        "optimize": "AdamW"
    },
    "td": {
        "0": {
            "loss_avg": 1.6452625952150346,
            "loss_var": 0.0830573285501908,
            "loss_var_more2": 0.4,
            "loss_var_less2": 0.2,
            "loss_var_more3": 0.0,
            "loss_var_less3": 0.2,
            "grad_avg": 1.8733268046937241,
            "grad_var": 0.0028184224680664984,
            "grad_var_more2": 0.4,
            "grad_var_less2": 0.5,
            "grad_var_more3": 0.4,
            "grad_var_less3": 0.4,
            "margin_avg": -0.3389981652733904,
            "margin_var": 0.2783080012534151,
            "margin_var_more2": 0.2,
            "margin_var_less2": 0.1,
            "margin_var_more3": 0.2,
            "margin_var_less3": 0.0,
            "possible_avg": 0.19928641490626536,
            "possible_var": 0.08221449528012073,
            "possible_var_more2": 0.2,
            "possible_var_less2": 0.5,
            "possible_var_more3": 0.2,
            "possible_var_less3": 0.0,
            "forget_avg": 0.5,
            "forget_var": 0.25
        },
        "1": {
            "loss_avg": 1.5842734305054296,
            "loss_var": 0.029623061322395214,
            "loss_var_more2": 0.4,
            "loss_var_less2": 0.4,
            "loss_var_more3": 0.4,
            "loss_var_less3": 0.4,
            "grad_avg": 1.839922938498432,
            "grad_var": 0.001172115067655357,
            "grad_var_more2": 0.3,
            "grad_var_less2": 0.7,
            "grad_var_more3": 0.3,
            "grad_var_less3": 0.7,
            "margin_avg": -0.21980579259599392,
            "margin_var": 0.10649311501048501,
            "margin_var_more2": 0.3,
            "margin_var_less2": 0.3,
            "margin_var_more3": 0.2,
            "margin_var_less3": 0.2,
            "possible_avg": 0.24523512820672771,
            "possible_var": 0.027287380648194092,
            "possible_var_more2": 0.4,
            "possible_var_less2": 0.4,
            "possible_var_more3": 0.4,
            "possible_var_less3": 0.4,
            "forget_avg": 0.6,
            "forget_var": 0.24
        },
        "2": {
            "loss_avg": 1.6650509720175293,
            "loss_var": 0.017376237201106527,
            "loss_var_more2": 0.4,
            "loss_var_less2": 0.3,
            "loss_var_more3": 0.4,
            "loss_var_less3": 0.3,
            "grad_avg": 1.8268875429891547,
            "grad_var": 0.0007010556257352468,
            "grad_var_more2": 0.3,
            "grad_var_less2": 0.7,
            "grad_var_more3": 0.3,
            "grad_var_less3": 0.6,
            "margin_avg": -0.28640804210449367,
            "margin_var": 0.05418899457944156,
            "margin_var_more2": 0.3,
            "margin_var_less2": 0.3,
            "margin_var_more3": 0.3,
            "margin_var_less3": 0.1,
            "possible_avg": 0.159065484653097,
            "possible_var": 0.017118572680399083,
            "possible_var_more2": 0.3,
            "possible_var_less2": 0.4,
            "possible_var_more3": 0.2,
            "possible_var_less3": 0.4,
            "forget_avg": 0.4,
            "forget_var": 0.24
        },
        "3": {
            "loss_avg": 1.5628161630060087,
            "loss_var": 0.07746156240909771,
            "loss_var_more2": 0.4,
            "loss_var_less2": 0.2,
            "loss_var_more3": 0.0,
            "loss_var_less3": 0.2,
            "grad_avg": 1.8544067992481164,
            "grad_var": 0.00220630548189698,
            "grad_var_more2": 0.4,
            "grad_var_less2": 0.6,
            "grad_var_more3": 0.4,
            "grad_var_less3": 0.5,
            "margin_avg": -0.1613080672224221,
            "margin_var": 0.2556603885466985,
            "margin_var_more2": 0.2,
            "margin_var_less2": 0.1,
            "margin_var_more3": 0.2,
            "margin_var_less3": 0.0,
            "possible_avg": 0.27342211786602266,
            "possible_var": 0.08380248141133921,
            "possible_var_more2": 0.2,
            "possible_var_less2": 0.4,
            "possible_var_more3": 0.2,
            "possible_var_less3": 0.0,
            "forget_avg": 0.3,
            "forget_var": 0.20999999999999996
        },
        "4": {
            "loss_avg": 1.7238292235184889,
            "loss_var": 0.01829912106791759,
            "loss_var_more2": 0.5,
            "loss_var_less2": 0.3,
            "loss_var_more3": 0.4,
            "loss_var_less3": 0.3,
            "grad_avg": 1.860296861763074,
            "grad_var": 0.003225532915457579,
            "grad_var_more2": 0.5,
            "grad_var_less2": 0.5,
            "grad_var_more3": 0.4,
            "grad_var_less3": 0.5,
            "margin_avg": -0.47520400460903733,
            "margin_var": 0.09568964466714489,
            "margin_var_more2": 0.3,
            "margin_var_less2": 0.3,
            "margin_var_more3": 0.1,
            "margin_var_less3": 0.1,
            "possible_avg": 0.11520800015831756,
            "possible_var": 0.0144251075312549,
            "possible_var_more2": 0.3,
            "possible_var_less2": 0.5,
            "possible_var_more3": 0.3,
            "possible_var_less3": 0.5,
            "forget_avg": 0.7,
            "forget_var": 0.20999999999999996
        }
    }
}