{
    "uuid": "b59e8223-d868-11ee-bb66-552f1d10f6a7",
    "dataset": {
        "reslution": 224,
        "dataset_name": "EuroSAT",
        "regenerate": {
            "type": "sample_sample",
            "rate": 0.6,
            "sample_min": 2000
        }
    },
    "loss fuction": "Focal",
    "model": "Swin",
    "hyperparameter": {
        "Epoch": 11,
        "BS": 128,
        "LR": 0.01,
        "LR decay": "Warm-up",
        "optimize": "SGD"
    },
    "td": {
        "0": {
            "loss_avg": 1.6288226567549795,
            "loss_var": 0.05147340687567946,
            "loss_var_more2": 0.4,
            "loss_var_less2": 0.2,
            "loss_var_more3": 0.3,
            "loss_var_less3": 0.2,
            "grad_avg": 1.8430979442592412,
            "grad_var": 0.0016603223842056045,
            "grad_var_more2": 0.5,
            "grad_var_less2": 0.5,
            "grad_var_more3": 0.5,
            "grad_var_less3": 0.5,
            "margin_avg": -0.24869535122665995,
            "margin_var": 0.17746177243443423,
            "margin_var_more2": 0.2,
            "margin_var_less2": 0.3,
            "margin_var_more3": 0.1,
            "margin_var_less3": 0.0,
            "possible_avg": 0.20242376006228668,
            "possible_var": 0.05141653059114128,
            "possible_var_more2": 0.2,
            "possible_var_less2": 0.4,
            "possible_var_more3": 0.2,
            "possible_var_less3": 0.3,
            "forget_avg": 0.4,
            "forget_var": 0.24000000000000005
        },
        "1": {
            "loss_avg": 1.6604899047150838,
            "loss_var": 0.06450952171011687,
            "loss_var_more2": 0.3,
            "loss_var_less2": 0.2,
            "loss_var_more3": 0.1,
            "loss_var_less3": 0.2,
            "grad_avg": 1.868183981549273,
            "grad_var": 0.0026163980979740254,
            "grad_var_more2": 0.3,
            "grad_var_less2": 0.7,
            "grad_var_more3": 0.3,
            "grad_var_less3": 0.5,
            "margin_avg": -0.36266177373635344,
            "margin_var": 0.22022482491767809,
            "margin_var_more2": 0.2,
            "margin_var_less2": 0.2,
            "margin_var_more3": 0.2,
            "margin_var_less3": 0.0,
            "possible_avg": 0.18169840113991315,
            "possible_var": 0.06237758472924569,
            "possible_var_more2": 0.2,
            "possible_var_less2": 0.5,
            "possible_var_more3": 0.2,
            "possible_var_less3": 0.0,
            "forget_avg": 0.4,
            "forget_var": 0.24000000000000005
        },
        "2": {
            "loss_avg": 1.5995172998770384,
            "loss_var": 0.09331286299252657,
            "loss_var_more2": 0.2,
            "loss_var_less2": 0.2,
            "loss_var_more3": 0.0,
            "loss_var_less3": 0.2,
            "grad_avg": 1.8575873054618968,
            "grad_var": 0.0013557906366496524,
            "grad_var_more2": 0.3,
            "grad_var_less2": 0.7,
            "grad_var_more3": 0.3,
            "grad_var_less3": 0.7,
            "margin_avg": -0.18993022919558195,
            "margin_var": 0.24079361363658494,
            "margin_var_more2": 0.2,
            "margin_var_less2": 0.0,
            "margin_var_more3": 0.2,
            "margin_var_less3": 0.0,
            "possible_avg": 0.2372610386963879,
            "possible_var": 0.10248896224555587,
            "possible_var_more2": 0.2,
            "possible_var_less2": 0.2,
            "possible_var_more3": 0.2,
            "possible_var_less3": 0.0,
            "forget_avg": 0.7,
            "forget_var": 0.21000000000000002
        },
        "3": {
            "loss_avg": 1.7665669362509455,
            "loss_var": 0.006816159140554199,
            "loss_var_more2": 0.7,
            "loss_var_less2": 0.3,
            "loss_var_more3": 0.7,
            "loss_var_less3": 0.3,
            "grad_avg": 1.844736576394539,
            "grad_var": 0.0014590733238068149,
            "grad_var_more2": 0.4,
            "grad_var_less2": 0.6,
            "grad_var_more3": 0.4,
            "grad_var_less3": 0.6,
            "margin_avg": -0.47981188801195385,
            "margin_var": 0.0346840716335123,
            "margin_var_more2": 0.5,
            "margin_var_less2": 0.4,
            "margin_var_more3": 0.4,
            "margin_var_less3": 0.3,
            "possible_avg": 0.06505038762445342,
            "possible_var": 0.005421394043811711,
            "possible_var_more2": 0.3,
            "possible_var_less2": 0.7,
            "possible_var_more3": 0.3,
            "possible_var_less3": 0.7,
            "forget_avg": 0.3,
            "forget_var": 0.20999999999999996
        },
        "4": {
            "loss_avg": 1.578406762057502,
            "loss_var": 0.08239031608565993,
            "loss_var_more2": 0.3,
            "loss_var_less2": 0.2,
            "loss_var_more3": 0.2,
            "loss_var_less3": 0.2,
            "grad_avg": 1.8738362531569905,
            "grad_var": 0.0026465395302844087,
            "grad_var_more2": 0.4,
            "grad_var_less2": 0.6,
            "grad_var_more3": 0.4,
            "grad_var_less3": 0.6,
            "margin_avg": -0.25218320884573764,
            "margin_var": 0.27562276174110717,
            "margin_var_more2": 0.2,
            "margin_var_less2": 0.1,
            "margin_var_more3": 0.1,
            "margin_var_less3": 0.0,
            "possible_avg": 0.2661179674602474,
            "possible_var": 0.0857111053017703,
            "possible_var_more2": 0.2,
            "possible_var_less2": 0.3,
            "possible_var_more3": 0.2,
            "possible_var_less3": 0.0,
            "forget_avg": 0.4,
            "forget_var": 0.24
        }
    }
}