{
    "uuid": "b59e83a8-d868-11ee-bb66-552f1d10f6a7",
    "dataset": {
        "reslution": 32,
        "dataset_name": "SVHN",
        "regenerate": {
            "type": "long_tail_generate",
            "sample": 1,
            "sample_type": "sample",
            "rate": 50,
            "sample_min": 2000
        }
    },
    "loss fuction": "LA",
    "model": "VGG",
    "hyperparameter": {
        "Epoch": 50,
        "BS": 32,
        "LR": 0.0001,
        "LR decay": "Cosine",
        "optimize": "AdamW"
    },
    "td": {
        "0": {
            "loss_avg": 1.6009992079748354,
            "loss_var": 0.06886091227228747,
            "loss_var_more2": 0.5,
            "loss_var_less2": 0.2,
            "loss_var_more3": 0.2,
            "loss_var_less3": 0.2,
            "grad_avg": 1.8683922801624078,
            "grad_var": 0.003015524592441204,
            "grad_var_more2": 0.4,
            "grad_var_less2": 0.5,
            "grad_var_more3": 0.4,
            "grad_var_less3": 0.5,
            "margin_avg": -0.26861315126409907,
            "margin_var": 0.24869780981865836,
            "margin_var_more2": 0.1,
            "margin_var_less2": 0.1,
            "margin_var_more3": 0.1,
            "margin_var_less3": 0.0,
            "possible_avg": 0.2411440949248768,
            "possible_var": 0.06790356956110095,
            "possible_var_more2": 0.2,
            "possible_var_less2": 0.4,
            "possible_var_more3": 0.2,
            "possible_var_less3": 0.2,
            "forget_avg": 0.5,
            "forget_var": 0.25
        },
        "1": {
            "loss_avg": 1.6457308749934612,
            "loss_var": 0.027873119708585543,
            "loss_var_more2": 0.4,
            "loss_var_less2": 0.4,
            "loss_var_more3": 0.4,
            "loss_var_less3": 0.3,
            "grad_avg": 1.835275172746718,
            "grad_var": 0.0024595999524820505,
            "grad_var_more2": 0.2,
            "grad_var_less2": 0.8,
            "grad_var_more3": 0.2,
            "grad_var_less3": 0.8,
            "margin_avg": -0.26937828151790566,
            "margin_var": 0.1063600882843724,
            "margin_var_more2": 0.2,
            "margin_var_less2": 0.2,
            "margin_var_more3": 0.2,
            "margin_var_less3": 0.2,
            "possible_avg": 0.18237983014340947,
            "possible_var": 0.024214534148009705,
            "possible_var_more2": 0.4,
            "possible_var_less2": 0.4,
            "possible_var_more3": 0.4,
            "possible_var_less3": 0.4,
            "forget_avg": 0.6,
            "forget_var": 0.24000000000000005
        },
        "2": {
            "loss_avg": 1.723496715399578,
            "loss_var": 0.032451452327447644,
            "loss_var_more2": 0.6,
            "loss_var_less2": 0.3,
            "loss_var_more3": 0.4,
            "loss_var_less3": 0.2,
            "grad_avg": 1.8723093331267613,
            "grad_var": 0.0022863560918248305,
            "grad_var_more2": 0.3,
            "grad_var_less2": 0.6,
            "grad_var_more3": 0.3,
            "grad_var_less3": 0.6,
            "margin_avg": -0.49879065649427545,
            "margin_var": 0.09630721878578313,
            "margin_var_more2": 0.1,
            "margin_var_less2": 0.2,
            "margin_var_more3": 0.1,
            "margin_var_less3": 0.2,
            "possible_avg": 0.12009469356492045,
            "possible_var": 0.02965499839468256,
            "possible_var_more2": 0.2,
            "possible_var_less2": 0.6,
            "possible_var_more3": 0.2,
            "possible_var_less3": 0.6,
            "forget_avg": 0.6,
            "forget_var": 0.24000000000000005
        },
        "3": {
            "loss_avg": 1.6426998650371232,
            "loss_var": 0.052043131532998915,
            "loss_var_more2": 0.5,
            "loss_var_less2": 0.2,
            "loss_var_more3": 0.3,
            "loss_var_less3": 0.1,
            "grad_avg": 1.851537823355883,
            "grad_var": 0.0006370146410221217,
            "grad_var_more2": 0.5,
            "grad_var_less2": 0.5,
            "grad_var_more3": 0.5,
            "grad_var_less3": 0.5,
            "margin_avg": -0.3416072024609972,
            "margin_var": 0.12891429879044286,
            "margin_var_more2": 0.1,
            "margin_var_less2": 0.2,
            "margin_var_more3": 0.1,
            "margin_var_less3": 0.0,
            "possible_avg": 0.19155777068347796,
            "possible_var": 0.05489573107561817,
            "possible_var_more2": 0.2,
            "possible_var_less2": 0.4,
            "possible_var_more3": 0.1,
            "possible_var_less3": 0.2,
            "forget_avg": 0.8,
            "forget_var": 0.16
        },
        "4": {
            "loss_avg": 1.6827020816050549,
            "loss_var": 0.049650086748502506,
            "loss_var_more2": 0.4,
            "loss_var_less2": 0.2,
            "loss_var_more3": 0.0,
            "loss_var_less3": 0.1,
            "grad_avg": 1.8485954997432064,
            "grad_var": 0.0009470679708193342,
            "grad_var_more2": 0.5,
            "grad_var_less2": 0.5,
            "grad_var_more3": 0.5,
            "grad_var_less3": 0.5,
            "margin_avg": -0.3309489544948,
            "margin_var": 0.14892715588505928,
            "margin_var_more2": 0.1,
            "margin_var_less2": 0.1,
            "margin_var_more3": 0.1,
            "margin_var_less3": 0.0,
            "possible_avg": 0.15030705089228538,
            "possible_var": 0.052837414677144506,
            "possible_var_more2": 0.1,
            "possible_var_less2": 0.5,
            "possible_var_more3": 0.1,
            "possible_var_less3": 0.0,
            "forget_avg": 0.8,
            "forget_var": 0.16
        }
    }
}