{
    "uuid": "b7fc8c63-d868-11ee-bb66-552f1d10f6a7",
    "dataset": {
        "reslution": 224,
        "dataset_name": "ImageNet-LT",
        "regenerate": {
            "type": "long_tail_generate",
            "sample": 1,
            "sample_type": "sample",
            "rate": 100,
            "sample_min": 2000
        }
    },
    "loss fuction": "LS",
    "model": "Swin",
    "hyperparameter": {
        "Epoch": 13,
        "BS": 32,
        "LR": 0.1,
        "LR decay": "Warm-up",
        "optimize": "Adam"
    },
    "td": {
        "0": {
            "loss_avg": 1.6800118978804957,
            "loss_var": 0.022318527498115415,
            "loss_var_more2": 0.5,
            "loss_var_less2": 0.4,
            "loss_var_more3": 0.5,
            "loss_var_less3": 0.4,
            "grad_avg": 1.8416100365312438,
            "grad_var": 0.0005886129212658355,
            "grad_var_more2": 0.3,
            "grad_var_less2": 0.6,
            "grad_var_more3": 0.3,
            "grad_var_less3": 0.6,
            "margin_avg": -0.3792464947316319,
            "margin_var": 0.05413333508672488,
            "margin_var_more2": 0.4,
            "margin_var_less2": 0.3,
            "margin_var_more3": 0.1,
            "margin_var_less3": 0.3,
            "possible_avg": 0.14997171570666792,
            "possible_var": 0.020661710828259478,
            "possible_var_more2": 0.4,
            "possible_var_less2": 0.5,
            "possible_var_more3": 0.4,
            "possible_var_less3": 0.5,
            "forget_avg": 0.5,
            "forget_var": 0.25
        },
        "1": {
            "loss_avg": 1.6002572004945097,
            "loss_var": 0.05594714397990803,
            "loss_var_more2": 0.5,
            "loss_var_less2": 0.3,
            "loss_var_more3": 0.2,
            "loss_var_less3": 0.2,
            "grad_avg": 1.8527108855308594,
            "grad_var": 0.0022941962158670413,
            "grad_var_more2": 0.4,
            "grad_var_less2": 0.6,
            "grad_var_more3": 0.3,
            "grad_var_less3": 0.5,
            "margin_avg": -0.2605829517990083,
            "margin_var": 0.17613506547391952,
            "margin_var_more2": 0.2,
            "margin_var_less2": 0.2,
            "margin_var_more3": 0.1,
            "margin_var_less3": 0.1,
            "possible_avg": 0.23508243398158496,
            "possible_var": 0.05537162065695542,
            "possible_var_more2": 0.3,
            "possible_var_less2": 0.5,
            "possible_var_more3": 0.2,
            "possible_var_less3": 0.2,
            "forget_avg": 0.5,
            "forget_var": 0.25
        },
        "2": {
            "loss_avg": 1.5919317470272119,
            "loss_var": 0.0447803633140434,
            "loss_var_more2": 0.5,
            "loss_var_less2": 0.3,
            "loss_var_more3": 0.4,
            "loss_var_less3": 0.3,
            "grad_avg": 1.8425158205803527,
            "grad_var": 0.0007376676966152327,
            "grad_var_more2": 0.5,
            "grad_var_less2": 0.5,
            "grad_var_more3": 0.5,
            "grad_var_less3": 0.5,
            "margin_avg": -0.24374216591694334,
            "margin_var": 0.12084328870425162,
            "margin_var_more2": 0.2,
            "margin_var_less2": 0.2,
            "margin_var_more3": 0.1,
            "margin_var_less3": 0.0,
            "possible_avg": 0.23848941762883355,
            "possible_var": 0.04665739298910617,
            "possible_var_more2": 0.3,
            "possible_var_less2": 0.5,
            "possible_var_more3": 0.1,
            "possible_var_less3": 0.3,
            "forget_avg": 0.4,
            "forget_var": 0.24
        },
        "3": {
            "loss_avg": 1.6180989478194434,
            "loss_var": 0.07549216486125244,
            "loss_var_more2": 0.2,
            "loss_var_less2": 0.2,
            "loss_var_more3": 0.1,
            "loss_var_less3": 0.2,
            "grad_avg": 1.8580691094071606,
            "grad_var": 0.0017510045767646703,
            "grad_var_more2": 0.5,
            "grad_var_less2": 0.5,
            "grad_var_more3": 0.5,
            "grad_var_less3": 0.5,
            "margin_avg": -0.2629256661614475,
            "margin_var": 0.23359486849206793,
            "margin_var_more2": 0.2,
            "margin_var_less2": 0.1,
            "margin_var_more3": 0.2,
            "margin_var_less3": 0.0,
            "possible_avg": 0.21946092286758617,
            "possible_var": 0.07964991366498259,
            "possible_var_more2": 0.2,
            "possible_var_less2": 0.3,
            "possible_var_more3": 0.2,
            "possible_var_less3": 0.0,
            "forget_avg": 0.4,
            "forget_var": 0.24000000000000005
        },
        "4": {
            "loss_avg": 1.655228480495093,
            "loss_var": 0.021467233710435355,
            "loss_var_more2": 0.6,
            "loss_var_less2": 0.3,
            "loss_var_more3": 0.4,
            "loss_var_less3": 0.3,
            "grad_avg": 1.8380380040318465,
            "grad_var": 0.0005728668449509686,
            "grad_var_more2": 0.5,
            "grad_var_less2": 0.5,
            "grad_var_more3": 0.5,
            "grad_var_less3": 0.5,
            "margin_avg": -0.3347306443682805,
            "margin_var": 0.062180411600722935,
            "margin_var_more2": 0.3,
            "margin_var_less2": 0.3,
            "margin_var_more3": 0.2,
            "margin_var_less3": 0.2,
            "possible_avg": 0.17332302979942077,
            "possible_var": 0.020037523211492245,
            "possible_var_more2": 0.3,
            "possible_var_less2": 0.6,
            "possible_var_more3": 0.3,
            "possible_var_less3": 0.4,
            "forget_avg": 0.7,
            "forget_var": 0.21000000000000002
        }
    }
}