{
    "uuid": "b6cb98b4-d868-11ee-bb66-552f1d10f6a7",
    "dataset": {
        "reslution": 32,
        "dataset_name": "MNIST",
        "regenerate": {
            "type": "long_tail_generate",
            "sample": 1,
            "sample_type": "class",
            "rate": 200,
            "sample_min": 2000
        }
    },
    "loss fuction": "BS",
    "model": "VGG",
    "hyperparameter": {
        "Epoch": 200,
        "BS": 512,
        "LR": 0.1,
        "LR decay": "Cosine",
        "optimize": "SGD"
    },
    "td": {
        "0": {
            "loss_avg": 1.613171898051134,
            "loss_var": 0.062453877536631466,
            "loss_var_more2": 0.5,
            "loss_var_less2": 0.4,
            "loss_var_more3": 0.3,
            "loss_var_less3": 0.2,
            "grad_avg": 1.8599223309475614,
            "grad_var": 0.001949974318492036,
            "grad_var_more2": 0.5,
            "grad_var_less2": 0.5,
            "grad_var_more3": 0.5,
            "grad_var_less3": 0.5,
            "margin_avg": -0.2893032018798944,
            "margin_var": 0.20725598322650549,
            "margin_var_more2": 0.2,
            "margin_var_less2": 0.1,
            "margin_var_more3": 0.1,
            "margin_var_less3": 0.0,
            "possible_avg": 0.22518599523862629,
            "possible_var": 0.0599362609735381,
            "possible_var_more2": 0.4,
            "possible_var_less2": 0.5,
            "possible_var_more3": 0.2,
            "possible_var_less3": 0.4,
            "forget_avg": 0.3,
            "forget_var": 0.20999999999999996
        },
        "1": {
            "loss_avg": 1.6058969925885287,
            "loss_var": 0.025285238974161826,
            "loss_var_more2": 0.3,
            "loss_var_less2": 0.5,
            "loss_var_more3": 0.3,
            "loss_var_less3": 0.5,
            "grad_avg": 1.8534002699142413,
            "grad_var": 0.0018530333410080363,
            "grad_var_more2": 0.4,
            "grad_var_less2": 0.6,
            "grad_var_more3": 0.4,
            "grad_var_less3": 0.6,
            "margin_avg": -0.31918000509821304,
            "margin_var": 0.10784461072159209,
            "margin_var_more2": 0.3,
            "margin_var_less2": 0.3,
            "margin_var_more3": 0.2,
            "margin_var_less3": 0.3,
            "possible_avg": 0.22954870572685274,
            "possible_var": 0.0203627960112876,
            "possible_var_more2": 0.5,
            "possible_var_less2": 0.4,
            "possible_var_more3": 0.5,
            "possible_var_less3": 0.3,
            "forget_avg": 0.6,
            "forget_var": 0.24000000000000005
        },
        "2": {
            "loss_avg": 1.6506477653796376,
            "loss_var": 0.049523145720993915,
            "loss_var_more2": 0.4,
            "loss_var_less2": 0.1,
            "loss_var_more3": 0.2,
            "loss_var_less3": 0.1,
            "grad_avg": 1.8552590141420502,
            "grad_var": 0.0012494773848015566,
            "grad_var_more2": 0.4,
            "grad_var_less2": 0.6,
            "grad_var_more3": 0.4,
            "grad_var_less3": 0.6,
            "margin_avg": -0.33754013338807587,
            "margin_var": 0.16587585813347472,
            "margin_var_more2": 0.1,
            "margin_var_less2": 0.2,
            "margin_var_more3": 0.1,
            "margin_var_less3": 0.0,
            "possible_avg": 0.18549386872281765,
            "possible_var": 0.051093785470694694,
            "possible_var_more2": 0.1,
            "possible_var_less2": 0.4,
            "possible_var_more3": 0.1,
            "possible_var_less3": 0.2,
            "forget_avg": 0.7,
            "forget_var": 0.20999999999999996
        },
        "3": {
            "loss_avg": 1.505400753561976,
            "loss_var": 0.07910883517909044,
            "loss_var_more2": 0.3,
            "loss_var_less2": 0.2,
            "loss_var_more3": 0.2,
            "loss_var_less3": 0.2,
            "grad_avg": 1.8597223492445623,
            "grad_var": 0.0024270318534697554,
            "grad_var_more2": 0.4,
            "grad_var_less2": 0.6,
            "grad_var_more3": 0.4,
            "grad_var_less3": 0.6,
            "margin_avg": -0.09563435623440514,
            "margin_var": 0.268878862546441,
            "margin_var_more2": 0.2,
            "margin_var_less2": 0.2,
            "margin_var_more3": 0.1,
            "margin_var_less3": 0.0,
            "possible_avg": 0.3330217325491688,
            "possible_var": 0.0838738267246342,
            "possible_var_more2": 0.2,
            "possible_var_less2": 0.3,
            "possible_var_more3": 0.2,
            "possible_var_less3": 0.2,
            "forget_avg": 0.3,
            "forget_var": 0.20999999999999996
        },
        "4": {
            "loss_avg": 1.6786243149673452,
            "loss_var": 0.031353781980231074,
            "loss_var_more2": 0.5,
            "loss_var_less2": 0.3,
            "loss_var_more3": 0.4,
            "loss_var_less3": 0.3,
            "grad_avg": 1.8298402856645097,
            "grad_var": 0.0005299857791967885,
            "grad_var_more2": 0.3,
            "grad_var_less2": 0.7,
            "grad_var_more3": 0.3,
            "grad_var_less3": 0.7,
            "margin_avg": -0.2977319986999133,
            "margin_var": 0.060210522052693664,
            "margin_var_more2": 0.3,
            "margin_var_less2": 0.2,
            "margin_var_more3": 0.2,
            "margin_var_less3": 0.2,
            "possible_avg": 0.1463730215620554,
            "possible_var": 0.031121294615693216,
            "possible_var_more2": 0.3,
            "possible_var_less2": 0.5,
            "possible_var_more3": 0.3,
            "possible_var_less3": 0.5,
            "forget_avg": 0.4,
            "forget_var": 0.24000000000000005
        }
    }
}