{
    "uuid": "b59e83d9-d868-11ee-bb66-552f1d10f6a7",
    "dataset": {
        "reslution": 224,
        "dataset_name": "OxfordIIIT Pet",
        "regenerate": {
            "type": "class_sample",
            "rate": 0.7,
            "class_min": 2,
            "sample_min": 2000
        }
    },
    "loss fuction": "BS",
    "model": "Vit",
    "hyperparameter": {
        "Epoch": 12,
        "BS": 64,
        "LR": 0.01,
        "LR decay": "Warm-up",
        "optimize": "Adam"
    },
    "td": {
        "0": {
            "loss_avg": 1.6297685326199534,
            "loss_var": 0.04097889332035872,
            "loss_var_more2": 0.4,
            "loss_var_less2": 0.2,
            "loss_var_more3": 0.3,
            "loss_var_less3": 0.2,
            "grad_avg": 1.841555453518258,
            "grad_var": 0.001422294149999291,
            "grad_var_more2": 0.3,
            "grad_var_less2": 0.5,
            "grad_var_more3": 0.3,
            "grad_var_less3": 0.5,
            "margin_avg": -0.2753250544671964,
            "margin_var": 0.14054676951534742,
            "margin_var_more2": 0.2,
            "margin_var_less2": 0.2,
            "margin_var_more3": 0.2,
            "margin_var_less3": 0.2,
            "possible_avg": 0.20059936992550265,
            "possible_var": 0.03798960844713524,
            "possible_var_more2": 0.2,
            "possible_var_less2": 0.4,
            "possible_var_more3": 0.2,
            "possible_var_less3": 0.3,
            "forget_avg": 0.0,
            "forget_var": 0.0
        },
        "1": {
            "loss_avg": 1.5459107195796797,
            "loss_var": 0.07954098872376847,
            "loss_var_more2": 0.4,
            "loss_var_less2": 0.3,
            "loss_var_more3": 0.2,
            "loss_var_less3": 0.2,
            "grad_avg": 1.851316621134798,
            "grad_var": 0.0028511240591416716,
            "grad_var_more2": 0.2,
            "grad_var_less2": 0.6,
            "grad_var_more3": 0.2,
            "grad_var_less3": 0.6,
            "margin_avg": -0.13081608520113666,
            "margin_var": 0.21988359167934085,
            "margin_var_more2": 0.1,
            "margin_var_less2": 0.1,
            "margin_var_more3": 0.1,
            "margin_var_less3": 0.1,
            "possible_avg": 0.2889553574145217,
            "possible_var": 0.0844609954162581,
            "possible_var_more2": 0.3,
            "possible_var_less2": 0.4,
            "possible_var_more3": 0.2,
            "possible_var_less3": 0.2,
            "forget_avg": 0.4,
            "forget_var": 0.24000000000000005
        },
        "2": {
            "loss_avg": 1.5976155367728158,
            "loss_var": 0.0940633563069874,
            "loss_var_more2": 0.2,
            "loss_var_less2": 0.2,
            "loss_var_more3": 0.0,
            "loss_var_less3": 0.2,
            "grad_avg": 1.854959974901729,
            "grad_var": 0.002572734725938087,
            "grad_var_more2": 0.4,
            "grad_var_less2": 0.6,
            "grad_var_more3": 0.4,
            "grad_var_less3": 0.6,
            "margin_avg": -0.192603899315842,
            "margin_var": 0.2726004787516892,
            "margin_var_more2": 0.2,
            "margin_var_less2": 0.0,
            "margin_var_more3": 0.1,
            "margin_var_less3": 0.0,
            "possible_avg": 0.23874788510900488,
            "possible_var": 0.10425192592706466,
            "possible_var_more2": 0.2,
            "possible_var_less2": 0.1,
            "possible_var_more3": 0.2,
            "possible_var_less3": 0.0,
            "forget_avg": 0.5,
            "forget_var": 0.25
        },
        "3": {
            "loss_avg": 1.7074528123971042,
            "loss_var": 0.01533504944089828,
            "loss_var_more2": 0.5,
            "loss_var_less2": 0.4,
            "loss_var_more3": 0.5,
            "loss_var_less3": 0.4,
            "grad_avg": 1.8676834358517098,
            "grad_var": 0.0040952171794940056,
            "grad_var_more2": 0.4,
            "grad_var_less2": 0.5,
            "grad_var_more3": 0.4,
            "grad_var_less3": 0.5,
            "margin_avg": -0.4635826586955611,
            "margin_var": 0.09960907502770512,
            "margin_var_more2": 0.2,
            "margin_var_less2": 0.4,
            "margin_var_more3": 0.2,
            "margin_var_less3": 0.3,
            "possible_avg": 0.13498589532168156,
            "possible_var": 0.011371462261198652,
            "possible_var_more2": 0.4,
            "possible_var_less2": 0.6,
            "possible_var_more3": 0.4,
            "possible_var_less3": 0.6,
            "forget_avg": 0.5,
            "forget_var": 0.25
        },
        "4": {
            "loss_avg": 1.581209928083749,
            "loss_var": 0.04131798283791887,
            "loss_var_more2": 0.4,
            "loss_var_less2": 0.4,
            "loss_var_more3": 0.3,
            "loss_var_less3": 0.3,
            "grad_avg": 1.8330053770660608,
            "grad_var": 0.0005700410523210743,
            "grad_var_more2": 0.4,
            "grad_var_less2": 0.5,
            "grad_var_more3": 0.4,
            "grad_var_less3": 0.5,
            "margin_avg": -0.18072559292972518,
            "margin_var": 0.11525691694914819,
            "margin_var_more2": 0.4,
            "margin_var_less2": 0.4,
            "margin_var_more3": 0.2,
            "margin_var_less3": 0.2,
            "possible_avg": 0.2451120008622369,
            "possible_var": 0.04002330203453539,
            "possible_var_more2": 0.3,
            "possible_var_less2": 0.4,
            "possible_var_more3": 0.3,
            "possible_var_less3": 0.3,
            "forget_avg": 0.4,
            "forget_var": 0.24000000000000005
        }
    }
}