{
    "uuid": "b59e8423-d868-11ee-bb66-552f1d10f6a7",
    "dataset": {
        "reslution": 224,
        "dataset_name": "ImageNet-LT",
        "regenerate": {
            "type": "noise_generate",
            "sample": 1,
            "sample_type": "sample",
            "types": "Sym",
            "rate": 0.8,
            "sample_min": 2000
        }
    },
    "loss fuction": "LS",
    "model": "Swin",
    "hyperparameter": {
        "Epoch": 100,
        "BS": 64,
        "LR": 0.001,
        "LR decay": "Cosine",
        "optimize": "AdamW"
    },
    "td": {
        "0": {
            "loss_avg": 1.5069400900976337,
            "loss_var": 0.05498036898232188,
            "loss_var_more2": 0.4,
            "loss_var_less2": 0.4,
            "loss_var_more3": 0.3,
            "loss_var_less3": 0.2,
            "grad_avg": 1.839471546238806,
            "grad_var": 0.0007956602447807222,
            "grad_var_more2": 0.3,
            "grad_var_less2": 0.7,
            "grad_var_more3": 0.3,
            "grad_var_less3": 0.7,
            "margin_avg": -0.042574821741121975,
            "margin_var": 0.16768153761784543,
            "margin_var_more2": 0.2,
            "margin_var_less2": 0.2,
            "margin_var_more3": 0.1,
            "margin_var_less3": 0.1,
            "possible_avg": 0.32208617675849266,
            "possible_var": 0.0542972360767856,
            "possible_var_more2": 0.3,
            "possible_var_less2": 0.4,
            "possible_var_more3": 0.2,
            "possible_var_less3": 0.3,
            "forget_avg": 0.6,
            "forget_var": 0.24000000000000005
        },
        "1": {
            "loss_avg": 1.766661325934869,
            "loss_var": 0.0061112737562629875,
            "loss_var_more2": 0.6,
            "loss_var_less2": 0.4,
            "loss_var_more3": 0.5,
            "loss_var_less3": 0.3,
            "grad_avg": 1.8672977364322907,
            "grad_var": 0.002209290094572083,
            "grad_var_more2": 0.5,
            "grad_var_less2": 0.5,
            "grad_var_more3": 0.5,
            "grad_var_less3": 0.5,
            "margin_avg": -0.5446410765242872,
            "margin_var": 0.050750417322627056,
            "margin_var_more2": 0.5,
            "margin_var_less2": 0.5,
            "margin_var_more3": 0.4,
            "margin_var_less3": 0.4,
            "possible_avg": 0.07496822539011108,
            "possible_var": 0.004077520749615731,
            "possible_var_more2": 0.3,
            "possible_var_less2": 0.5,
            "possible_var_more3": 0.2,
            "possible_var_less3": 0.5,
            "forget_avg": 0.5,
            "forget_var": 0.25
        },
        "2": {
            "loss_avg": 1.6282300319235952,
            "loss_var": 0.06057837313842383,
            "loss_var_more2": 0.4,
            "loss_var_less2": 0.3,
            "loss_var_more3": 0.2,
            "loss_var_less3": 0.3,
            "grad_avg": 1.8675198662509427,
            "grad_var": 0.004020653932993406,
            "grad_var_more2": 0.3,
            "grad_var_less2": 0.4,
            "grad_var_more3": 0.3,
            "grad_var_less3": 0.4,
            "margin_avg": -0.32329610185727603,
            "margin_var": 0.2545741380609974,
            "margin_var_more2": 0.2,
            "margin_var_less2": 0.2,
            "margin_var_more3": 0.1,
            "margin_var_less3": 0.0,
            "possible_avg": 0.21433258015827955,
            "possible_var": 0.05358466851572551,
            "possible_var_more2": 0.3,
            "possible_var_less2": 0.4,
            "possible_var_more3": 0.3,
            "possible_var_less3": 0.3,
            "forget_avg": 0.6,
            "forget_var": 0.24000000000000005
        },
        "3": {
            "loss_avg": 1.6299592924143027,
            "loss_var": 0.041313943222790236,
            "loss_var_more2": 0.5,
            "loss_var_less2": 0.3,
            "loss_var_more3": 0.5,
            "loss_var_less3": 0.3,
            "grad_avg": 1.8418762959614945,
            "grad_var": 0.0009516071919863996,
            "grad_var_more2": 0.4,
            "grad_var_less2": 0.5,
            "grad_var_more3": 0.4,
            "grad_var_less3": 0.5,
            "margin_avg": -0.2891860181875089,
            "margin_var": 0.14234379933245175,
            "margin_var_more2": 0.3,
            "margin_var_less2": 0.3,
            "margin_var_more3": 0.2,
            "margin_var_less3": 0.1,
            "possible_avg": 0.20042511167798746,
            "possible_var": 0.03813247378354825,
            "possible_var_more2": 0.3,
            "possible_var_less2": 0.5,
            "possible_var_more3": 0.3,
            "possible_var_less3": 0.5,
            "forget_avg": 0.4,
            "forget_var": 0.24
        },
        "4": {
            "loss_avg": 1.555216842440253,
            "loss_var": 0.05543020911633706,
            "loss_var_more2": 0.5,
            "loss_var_less2": 0.3,
            "loss_var_more3": 0.3,
            "loss_var_less3": 0.3,
            "grad_avg": 1.827579767913781,
            "grad_var": 0.00044003697161450477,
            "grad_var_more2": 0.4,
            "grad_var_less2": 0.6,
            "grad_var_more3": 0.3,
            "grad_var_less3": 0.6,
            "margin_avg": -0.09924432908557933,
            "margin_var": 0.13028669376956892,
            "margin_var_more2": 0.2,
            "margin_var_less2": 0.4,
            "margin_var_more3": 0.2,
            "margin_var_less3": 0.0,
            "possible_avg": 0.2690854292850186,
            "possible_var": 0.058494160999220654,
            "possible_var_more2": 0.3,
            "possible_var_less2": 0.5,
            "possible_var_more3": 0.3,
            "possible_var_less3": 0.3,
            "forget_avg": 0.6,
            "forget_var": 0.24
        }
    }
}