{
    "uuid": "b59e8209-d868-11ee-bb66-552f1d10f6a7",
    "dataset": {
        "reslution": 32,
        "dataset_name": "Qmnist",
        "regenerate": {
            "type": "class_sample",
            "rate": 0.5,
            "class_min": 2,
            "sample_min": 2000
        }
    },
    "loss fuction": "BS",
    "model": "Vit",
    "hyperparameter": {
        "Epoch": 19,
        "BS": 256,
        "LR": 0.001,
        "LR decay": "MultiStep",
        "optimize": "AdamW"
    },
    "td": {
        "0": {
            "loss_avg": 1.5040864553399378,
            "loss_var": 0.0521464000768055,
            "loss_var_more2": 0.3,
            "loss_var_less2": 0.2,
            "loss_var_more3": 0.3,
            "loss_var_less3": 0.2,
            "grad_avg": 1.84024262768888,
            "grad_var": 0.0027689022847041827,
            "grad_var_more2": 0.2,
            "grad_var_less2": 0.7,
            "grad_var_more3": 0.2,
            "grad_var_less3": 0.6,
            "margin_avg": -0.04828810993022794,
            "margin_var": 0.15462606601923493,
            "margin_var_more2": 0.1,
            "margin_var_less2": 0.1,
            "margin_var_more3": 0.1,
            "margin_var_less3": 0.1,
            "possible_avg": 0.3260586095332251,
            "possible_var": 0.05970773279560125,
            "possible_var_more2": 0.2,
            "possible_var_less2": 0.3,
            "possible_var_more3": 0.1,
            "possible_var_less3": 0.2,
            "forget_avg": 0.7,
            "forget_var": 0.20999999999999996
        },
        "1": {
            "loss_avg": 1.4729486377035177,
            "loss_var": 0.07529172523758988,
            "loss_var_more2": 0.4,
            "loss_var_less2": 0.3,
            "loss_var_more3": 0.4,
            "loss_var_less3": 0.2,
            "grad_avg": 1.8481652765063679,
            "grad_var": 0.0005249658790954844,
            "grad_var_more2": 0.5,
            "grad_var_less2": 0.5,
            "grad_var_more3": 0.5,
            "grad_var_less3": 0.5,
            "margin_avg": -0.01064186338691151,
            "margin_var": 0.20810240731868604,
            "margin_var_more2": 0.2,
            "margin_var_less2": 0.3,
            "margin_var_more3": 0.0,
            "margin_var_less3": 0.0,
            "possible_avg": 0.3596202448318189,
            "possible_var": 0.07681132641709638,
            "possible_var_more2": 0.3,
            "possible_var_less2": 0.4,
            "possible_var_more3": 0.2,
            "possible_var_less3": 0.4,
            "forget_avg": 0.4,
            "forget_var": 0.24000000000000005
        },
        "2": {
            "loss_avg": 1.7196121607698462,
            "loss_var": 0.034267474661847014,
            "loss_var_more2": 0.5,
            "loss_var_less2": 0.2,
            "loss_var_more3": 0.3,
            "loss_var_less3": 0.2,
            "grad_avg": 1.8570720212065122,
            "grad_var": 0.002323771487277497,
            "grad_var_more2": 0.3,
            "grad_var_less2": 0.6,
            "grad_var_more3": 0.3,
            "grad_var_less3": 0.6,
            "margin_avg": -0.4347666682764958,
            "margin_var": 0.1446220031310286,
            "margin_var_more2": 0.2,
            "margin_var_less2": 0.2,
            "margin_var_more3": 0.2,
            "margin_var_less3": 0.1,
            "possible_avg": 0.11775346289780639,
            "possible_var": 0.030564694044317473,
            "possible_var_more2": 0.2,
            "possible_var_less2": 0.5,
            "possible_var_more3": 0.2,
            "possible_var_less3": 0.4,
            "forget_avg": 0.4,
            "forget_var": 0.24000000000000005
        },
        "3": {
            "loss_avg": 1.663080646331275,
            "loss_var": 0.044510678816528836,
            "loss_var_more2": 0.4,
            "loss_var_less2": 0.3,
            "loss_var_more3": 0.3,
            "loss_var_less3": 0.2,
            "grad_avg": 1.8487707482426365,
            "grad_var": 0.0012000940773853695,
            "grad_var_more2": 0.4,
            "grad_var_less2": 0.6,
            "grad_var_more3": 0.4,
            "grad_var_less3": 0.6,
            "margin_avg": -0.3192980403030082,
            "margin_var": 0.15117403158275722,
            "margin_var_more2": 0.2,
            "margin_var_less2": 0.3,
            "margin_var_more3": 0.2,
            "margin_var_less3": 0.0,
            "possible_avg": 0.17009146357418853,
            "possible_var": 0.0423962426147995,
            "possible_var_more2": 0.3,
            "possible_var_less2": 0.6,
            "possible_var_more3": 0.3,
            "possible_var_less3": 0.4,
            "forget_avg": 0.5,
            "forget_var": 0.25
        },
        "4": {
            "loss_avg": 1.4945926454510499,
            "loss_var": 0.10056143862447123,
            "loss_var_more2": 0.4,
            "loss_var_less2": 0.3,
            "loss_var_more3": 0.3,
            "loss_var_less3": 0.2,
            "grad_avg": 1.8748249678160356,
            "grad_var": 0.0018671210955259576,
            "grad_var_more2": 0.4,
            "grad_var_less2": 0.6,
            "grad_var_more3": 0.4,
            "grad_var_less3": 0.6,
            "margin_avg": -0.11011066742118085,
            "margin_var": 0.3046141063572117,
            "margin_var_more2": 0.2,
            "margin_var_less2": 0.1,
            "margin_var_more3": 0.0,
            "margin_var_less3": 0.0,
            "possible_avg": 0.3498767571426574,
            "possible_var": 0.10586969747808514,
            "possible_var_more2": 0.3,
            "possible_var_less2": 0.4,
            "possible_var_more3": 0.2,
            "possible_var_less3": 0.3,
            "forget_avg": 0.4,
            "forget_var": 0.24
        }
    }
}