{
    "uuid": "b59e81ff-d868-11ee-bb66-552f1d10f6a7",
    "dataset": {
        "reslution": 32,
        "dataset_name": "KMNIST",
        "regenerate": {
            "type": "noise_generate",
            "sample": 1,
            "sample_type": "class",
            "types": "Sym",
            "rate": 0.6,
            "sample_min": 2000
        }
    },
    "loss fuction": "BS",
    "model": "Mobilenet",
    "hyperparameter": {
        "Epoch": 200,
        "BS": 32,
        "LR": 0.001,
        "LR decay": "Warm-up",
        "optimize": "SGD"
    },
    "td": {
        "0": {
            "loss_avg": 1.5517957456545968,
            "loss_var": 0.07031693509266697,
            "loss_var_more2": 0.4,
            "loss_var_less2": 0.3,
            "loss_var_more3": 0.3,
            "loss_var_less3": 0.1,
            "grad_avg": 1.8508806287953512,
            "grad_var": 0.0020705550682092646,
            "grad_var_more2": 0.4,
            "grad_var_less2": 0.5,
            "grad_var_more3": 0.4,
            "grad_var_less3": 0.5,
            "margin_avg": -0.16649987432890873,
            "margin_var": 0.2288140187299938,
            "margin_var_more2": 0.1,
            "margin_var_less2": 0.1,
            "margin_var_more3": 0.1,
            "margin_var_less3": 0.0,
            "possible_avg": 0.2827628593772621,
            "possible_var": 0.0749948983996313,
            "possible_var_more2": 0.2,
            "possible_var_less2": 0.4,
            "possible_var_more3": 0.1,
            "possible_var_less3": 0.3,
            "forget_avg": 0.6,
            "forget_var": 0.24000000000000005
        },
        "1": {
            "loss_avg": 1.6523003984682034,
            "loss_var": 0.022372469562990396,
            "loss_var_more2": 0.5,
            "loss_var_less2": 0.3,
            "loss_var_more3": 0.4,
            "loss_var_less3": 0.3,
            "grad_avg": 1.8360236821605327,
            "grad_var": 0.0010561796758123579,
            "grad_var_more2": 0.4,
            "grad_var_less2": 0.6,
            "grad_var_more3": 0.4,
            "grad_var_less3": 0.6,
            "margin_avg": -0.31356998853580115,
            "margin_var": 0.0836850446269159,
            "margin_var_more2": 0.3,
            "margin_var_less2": 0.4,
            "margin_var_more3": 0.3,
            "margin_var_less3": 0.2,
            "possible_avg": 0.17569690487623774,
            "possible_var": 0.02065774858240249,
            "possible_var_more2": 0.3,
            "possible_var_less2": 0.4,
            "possible_var_more3": 0.2,
            "possible_var_less3": 0.4,
            "forget_avg": 0.6,
            "forget_var": 0.24000000000000005
        },
        "2": {
            "loss_avg": 1.6985594711493506,
            "loss_var": 0.03721769023894441,
            "loss_var_more2": 0.4,
            "loss_var_less2": 0.1,
            "loss_var_more3": 0.3,
            "loss_var_less3": 0.1,
            "grad_avg": 1.8570354681214785,
            "grad_var": 0.0019707850493992886,
            "grad_var_more2": 0.4,
            "grad_var_less2": 0.5,
            "grad_var_more3": 0.4,
            "grad_var_less3": 0.5,
            "margin_avg": -0.39232847177895486,
            "margin_var": 0.12403758462857832,
            "margin_var_more2": 0.1,
            "margin_var_less2": 0.1,
            "margin_var_more3": 0.1,
            "margin_var_less3": 0.1,
            "possible_avg": 0.1383171893990757,
            "possible_var": 0.0364023557040383,
            "possible_var_more2": 0.1,
            "possible_var_less2": 0.4,
            "possible_var_more3": 0.1,
            "possible_var_less3": 0.3,
            "forget_avg": 0.7,
            "forget_var": 0.20999999999999996
        },
        "3": {
            "loss_avg": 1.681566863052457,
            "loss_var": 0.02178247828121247,
            "loss_var_more2": 0.6,
            "loss_var_less2": 0.3,
            "loss_var_more3": 0.5,
            "loss_var_less3": 0.3,
            "grad_avg": 1.8267511556278666,
            "grad_var": 0.00037136962470967036,
            "grad_var_more2": 0.4,
            "grad_var_less2": 0.6,
            "grad_var_more3": 0.4,
            "grad_var_less3": 0.6,
            "margin_avg": -0.29552809301778027,
            "margin_var": 0.048874530162088765,
            "margin_var_more2": 0.3,
            "margin_var_less2": 0.2,
            "margin_var_more3": 0.3,
            "margin_var_less3": 0.2,
            "possible_avg": 0.1420869721816338,
            "possible_var": 0.021012847171841487,
            "possible_var_more2": 0.3,
            "possible_var_less2": 0.6,
            "possible_var_more3": 0.2,
            "possible_var_less3": 0.5,
            "forget_avg": 0.8,
            "forget_var": 0.16
        },
        "4": {
            "loss_avg": 1.669730014561925,
            "loss_var": 0.03735396277845741,
            "loss_var_more2": 0.4,
            "loss_var_less2": 0.2,
            "loss_var_more3": 0.4,
            "loss_var_less3": 0.2,
            "grad_avg": 1.8431453150866557,
            "grad_var": 0.0006858326073799011,
            "grad_var_more2": 0.6,
            "grad_var_less2": 0.4,
            "grad_var_more3": 0.6,
            "grad_var_less3": 0.4,
            "margin_avg": -0.3549288739733229,
            "margin_var": 0.11710892135205968,
            "margin_var_more2": 0.1,
            "margin_var_less2": 0.4,
            "margin_var_more3": 0.1,
            "margin_var_less3": 0.0,
            "possible_avg": 0.16112918815333419,
            "possible_var": 0.03669155583191122,
            "possible_var_more2": 0.2,
            "possible_var_less2": 0.4,
            "possible_var_more3": 0.2,
            "possible_var_less3": 0.4,
            "forget_avg": 0.4,
            "forget_var": 0.24000000000000005
        }
    }
}