{
    "uuid": "b7fc8cd4-d868-11ee-bb66-552f1d10f6a7",
    "dataset": {
        "reslution": 224,
        "dataset_name": "Places-LT",
        "regenerate": {
            "type": "sample_sample",
            "rate": 0.8,
            "sample_min": 2000
        }
    },
    "loss fuction": "LS",
    "model": "Swin",
    "hyperparameter": {
        "Epoch": 150,
        "BS": 1024,
        "LR": 0.01,
        "LR decay": "MultiStep",
        "optimize": "AdamW"
    },
    "td": {
        "0": {
            "loss_avg": 1.7140414601890217,
            "loss_var": 0.030608787686953593,
            "loss_var_more2": 0.6,
            "loss_var_less2": 0.2,
            "loss_var_more3": 0.5,
            "loss_var_less3": 0.2,
            "grad_avg": 1.8656807018857127,
            "grad_var": 0.0026419694499169553,
            "grad_var_more2": 0.4,
            "grad_var_less2": 0.5,
            "grad_var_more3": 0.4,
            "grad_var_less3": 0.4,
            "margin_avg": -0.45393003795509507,
            "margin_var": 0.1444915617151729,
            "margin_var_more2": 0.2,
            "margin_var_less2": 0.3,
            "margin_var_more3": 0.2,
            "margin_var_less3": 0.0,
            "possible_avg": 0.12700636693120432,
            "possible_var": 0.025391772789432943,
            "possible_var_more2": 0.2,
            "possible_var_less2": 0.6,
            "possible_var_more3": 0.2,
            "possible_var_less3": 0.6,
            "forget_avg": 0.7,
            "forget_var": 0.20999999999999996
        },
        "1": {
            "loss_avg": 1.6908950236488187,
            "loss_var": 0.02829395806935357,
            "loss_var_more2": 0.5,
            "loss_var_less2": 0.3,
            "loss_var_more3": 0.4,
            "loss_var_less3": 0.3,
            "grad_avg": 1.8490512619246608,
            "grad_var": 0.0034502635120839636,
            "grad_var_more2": 0.3,
            "grad_var_less2": 0.6,
            "grad_var_more3": 0.3,
            "grad_var_less3": 0.5,
            "margin_avg": -0.3545446542265016,
            "margin_var": 0.14801481967140515,
            "margin_var_more2": 0.3,
            "margin_var_less2": 0.2,
            "margin_var_more3": 0.1,
            "margin_var_less3": 0.2,
            "possible_avg": 0.143250467706236,
            "possible_var": 0.02265745443489869,
            "possible_var_more2": 0.3,
            "possible_var_less2": 0.5,
            "possible_var_more3": 0.3,
            "possible_var_less3": 0.5,
            "forget_avg": 0.4,
            "forget_var": 0.24000000000000005
        },
        "2": {
            "loss_avg": 1.654383444038912,
            "loss_var": 0.026714869285045434,
            "loss_var_more2": 0.5,
            "loss_var_less2": 0.4,
            "loss_var_more3": 0.3,
            "loss_var_less3": 0.3,
            "grad_avg": 1.8588458299637736,
            "grad_var": 0.002542038173984192,
            "grad_var_more2": 0.4,
            "grad_var_less2": 0.5,
            "grad_var_more3": 0.4,
            "grad_var_less3": 0.5,
            "margin_avg": -0.38313124086829714,
            "margin_var": 0.10343636159063782,
            "margin_var_more2": 0.2,
            "margin_var_less2": 0.3,
            "margin_var_more3": 0.1,
            "margin_var_less3": 0.3,
            "possible_avg": 0.18355036749978879,
            "possible_var": 0.022438138808382305,
            "possible_var_more2": 0.3,
            "possible_var_less2": 0.6,
            "possible_var_more3": 0.3,
            "possible_var_less3": 0.4,
            "forget_avg": 0.7,
            "forget_var": 0.21000000000000002
        },
        "3": {
            "loss_avg": 1.6724348127366657,
            "loss_var": 0.03399384013564919,
            "loss_var_more2": 0.6,
            "loss_var_less2": 0.2,
            "loss_var_more3": 0.2,
            "loss_var_less3": 0.2,
            "grad_avg": 1.844712359011643,
            "grad_var": 0.0011414843171405156,
            "grad_var_more2": 0.4,
            "grad_var_less2": 0.6,
            "grad_var_more3": 0.4,
            "grad_var_less3": 0.6,
            "margin_avg": -0.33360166042270495,
            "margin_var": 0.10060896778893413,
            "margin_var_more2": 0.3,
            "margin_var_less2": 0.2,
            "margin_var_more3": 0.1,
            "margin_var_less3": 0.1,
            "possible_avg": 0.15888571028311166,
            "possible_var": 0.032911552681979414,
            "possible_var_more2": 0.2,
            "possible_var_less2": 0.7,
            "possible_var_more3": 0.2,
            "possible_var_less3": 0.2,
            "forget_avg": 0.4,
            "forget_var": 0.24
        },
        "4": {
            "loss_avg": 1.57850514604445,
            "loss_var": 0.10799469087410177,
            "loss_var_more2": 0.2,
            "loss_var_less2": 0.2,
            "loss_var_more3": 0.0,
            "loss_var_less3": 0.2,
            "grad_avg": 1.8718151736098485,
            "grad_var": 0.0030442887252163714,
            "grad_var_more2": 0.4,
            "grad_var_less2": 0.5,
            "grad_var_more3": 0.3,
            "grad_var_less3": 0.5,
            "margin_avg": -0.21230037533172513,
            "margin_var": 0.3519920804723689,
            "margin_var_more2": 0.2,
            "margin_var_less2": 0.0,
            "margin_var_more3": 0.2,
            "margin_var_less3": 0.0,
            "possible_avg": 0.26554246375590246,
            "possible_var": 0.12153175990999215,
            "possible_var_more2": 0.2,
            "possible_var_less2": 0.2,
            "possible_var_more3": 0.2,
            "possible_var_less3": 0.0,
            "forget_avg": 0.5,
            "forget_var": 0.25
        }
    }
}