{
    "uuid": "b6cb9716-d868-11ee-bb66-552f1d10f6a7",
    "dataset": {
        "reslution": 32,
        "dataset_name": "CIFAR100",
        "regenerate": {
            "type": "class_sample",
            "rate": 0.5,
            "class_min": 2,
            "sample_min": 2000
        }
    },
    "loss fuction": "LA",
    "model": "VGG",
    "hyperparameter": {
        "Epoch": 200,
        "BS": 512,
        "LR": 0.001,
        "LR decay": "MultiStep",
        "optimize": "AdamW"
    },
    "td": {
        "0": {
            "loss_avg": 1.4965534413702433,
            "loss_var": 0.10719076770956337,
            "loss_var_more2": 0.4,
            "loss_var_less2": 0.3,
            "loss_var_more3": 0.2,
            "loss_var_less3": 0.3,
            "grad_avg": 1.8707554261069776,
            "grad_var": 0.00251935086742063,
            "grad_var_more2": 0.4,
            "grad_var_less2": 0.6,
            "grad_var_more3": 0.4,
            "grad_var_less3": 0.6,
            "margin_avg": -0.07301510226316768,
            "margin_var": 0.37180687279598434,
            "margin_var_more2": 0.3,
            "margin_var_less2": 0.1,
            "margin_var_more3": 0.0,
            "margin_var_less3": 0.0,
            "possible_avg": 0.34691864912298864,
            "possible_var": 0.11337164062895101,
            "possible_var_more2": 0.3,
            "possible_var_less2": 0.3,
            "possible_var_more3": 0.3,
            "possible_var_less3": 0.0,
            "forget_avg": 0.6,
            "forget_var": 0.24000000000000005
        },
        "1": {
            "loss_avg": 1.5464146812468524,
            "loss_var": 0.0498985761387966,
            "loss_var_more2": 0.4,
            "loss_var_less2": 0.2,
            "loss_var_more3": 0.4,
            "loss_var_less3": 0.2,
            "grad_avg": 1.8387371394202816,
            "grad_var": 0.0010978667142243722,
            "grad_var_more2": 0.4,
            "grad_var_less2": 0.6,
            "grad_var_more3": 0.4,
            "grad_var_less3": 0.6,
            "margin_avg": -0.1274945268495504,
            "margin_var": 0.13493352106874845,
            "margin_var_more2": 0.2,
            "margin_var_less2": 0.2,
            "margin_var_more3": 0.2,
            "margin_var_less3": 0.0,
            "possible_avg": 0.28253432374785936,
            "possible_var": 0.05424231253705873,
            "possible_var_more2": 0.2,
            "possible_var_less2": 0.4,
            "possible_var_more3": 0.2,
            "possible_var_less3": 0.2,
            "forget_avg": 0.4,
            "forget_var": 0.24
        },
        "2": {
            "loss_avg": 1.7554699393782442,
            "loss_var": 0.010193036289050616,
            "loss_var_more2": 0.8,
            "loss_var_less2": 0.2,
            "loss_var_more3": 0.5,
            "loss_var_less3": 0.2,
            "grad_avg": 1.8659638121265645,
            "grad_var": 0.0024623280963657745,
            "grad_var_more2": 0.4,
            "grad_var_less2": 0.6,
            "grad_var_more3": 0.4,
            "grad_var_less3": 0.6,
            "margin_avg": -0.5295182584019049,
            "margin_var": 0.05149228330348363,
            "margin_var_more2": 0.3,
            "margin_var_less2": 0.4,
            "margin_var_more3": 0.3,
            "margin_var_less3": 0.3,
            "possible_avg": 0.08563918020611587,
            "possible_var": 0.008418866035972741,
            "possible_var_more2": 0.2,
            "possible_var_less2": 0.6,
            "possible_var_more3": 0.2,
            "possible_var_less3": 0.5,
            "forget_avg": 0.3,
            "forget_var": 0.20999999999999996
        },
        "3": {
            "loss_avg": 1.74383523756615,
            "loss_var": 0.016303078778460364,
            "loss_var_more2": 0.5,
            "loss_var_less2": 0.2,
            "loss_var_more3": 0.5,
            "loss_var_less3": 0.2,
            "grad_avg": 1.856799476706776,
            "grad_var": 0.001736612356513532,
            "grad_var_more2": 0.3,
            "grad_var_less2": 0.5,
            "grad_var_more3": 0.3,
            "grad_var_less3": 0.5,
            "margin_avg": -0.48241930622476803,
            "margin_var": 0.06969007658130039,
            "margin_var_more2": 0.3,
            "margin_var_less2": 0.3,
            "margin_var_more3": 0.2,
            "margin_var_less3": 0.2,
            "possible_avg": 0.09295625509568178,
            "possible_var": 0.014077278330438227,
            "possible_var_more2": 0.2,
            "possible_var_less2": 0.6,
            "possible_var_more3": 0.2,
            "possible_var_less3": 0.5,
            "forget_avg": 0.6,
            "forget_var": 0.24000000000000005
        },
        "4": {
            "loss_avg": 1.69283622539871,
            "loss_var": 0.014602013703278858,
            "loss_var_more2": 0.5,
            "loss_var_less2": 0.4,
            "loss_var_more3": 0.5,
            "loss_var_less3": 0.4,
            "grad_avg": 1.8280110319891445,
            "grad_var": 0.0002679104581342577,
            "grad_var_more2": 0.5,
            "grad_var_less2": 0.5,
            "grad_var_more3": 0.5,
            "grad_var_less3": 0.5,
            "margin_avg": -0.34171472062869623,
            "margin_var": 0.028345399739876057,
            "margin_var_more2": 0.4,
            "margin_var_less2": 0.4,
            "margin_var_more3": 0.4,
            "margin_var_less3": 0.4,
            "possible_avg": 0.13141011802564484,
            "possible_var": 0.014085422895023859,
            "possible_var_more2": 0.4,
            "possible_var_less2": 0.5,
            "possible_var_more3": 0.4,
            "possible_var_less3": 0.5,
            "forget_avg": 0.6,
            "forget_var": 0.24
        }
    }
}