{
    "uuid": "b7fc8cb3-d868-11ee-bb66-552f1d10f6a7",
    "dataset": {
        "reslution": 224,
        "dataset_name": "ImageNet-LT",
        "regenerate": {
            "type": "sample_sample",
            "rate": 0.4,
            "sample_min": 2000
        }
    },
    "loss fuction": "LA",
    "model": "Swin",
    "hyperparameter": {
        "Epoch": 100,
        "BS": 128,
        "LR": 0.1,
        "LR decay": "Warm-up",
        "optimize": "SGD"
    },
    "td": {
        "0": {
            "loss_avg": 1.6181034353933945,
            "loss_var": 0.07106780493318893,
            "loss_var_more2": 0.5,
            "loss_var_less2": 0.3,
            "loss_var_more3": 0.1,
            "loss_var_less3": 0.2,
            "grad_avg": 1.8451643238787405,
            "grad_var": 0.0008130710200269017,
            "grad_var_more2": 0.5,
            "grad_var_less2": 0.5,
            "grad_var_more3": 0.5,
            "grad_var_less3": 0.5,
            "margin_avg": -0.23223411684423217,
            "margin_var": 0.1875163647679048,
            "margin_var_more2": 0.2,
            "margin_var_less2": 0.1,
            "margin_var_more3": 0.2,
            "margin_var_less3": 0.0,
            "possible_avg": 0.21335439066725645,
            "possible_var": 0.0728118812996947,
            "possible_var_more2": 0.3,
            "possible_var_less2": 0.5,
            "possible_var_more3": 0.2,
            "possible_var_less3": 0.0,
            "forget_avg": 0.5,
            "forget_var": 0.25
        },
        "1": {
            "loss_avg": 1.690551233348969,
            "loss_var": 0.05121397937266895,
            "loss_var_more2": 0.4,
            "loss_var_less2": 0.2,
            "loss_var_more3": 0.1,
            "loss_var_less3": 0.2,
            "grad_avg": 1.8553346059371378,
            "grad_var": 0.0021231772938433203,
            "grad_var_more2": 0.4,
            "grad_var_less2": 0.6,
            "grad_var_more3": 0.3,
            "grad_var_less3": 0.6,
            "margin_avg": -0.369714497535458,
            "margin_var": 0.171369491037066,
            "margin_var_more2": 0.2,
            "margin_var_less2": 0.1,
            "margin_var_more3": 0.1,
            "margin_var_less3": 0.1,
            "possible_avg": 0.1457392638776724,
            "possible_var": 0.050047768967885556,
            "possible_var_more2": 0.2,
            "possible_var_less2": 0.5,
            "possible_var_more3": 0.2,
            "possible_var_less3": 0.0,
            "forget_avg": 0.6,
            "forget_var": 0.24000000000000005
        },
        "2": {
            "loss_avg": 1.6108680692486683,
            "loss_var": 0.056930219825869495,
            "loss_var_more2": 0.6,
            "loss_var_less2": 0.4,
            "loss_var_more3": 0.4,
            "loss_var_less3": 0.4,
            "grad_avg": 1.8403622622949736,
            "grad_var": 0.0005065751898004783,
            "grad_var_more2": 0.4,
            "grad_var_less2": 0.4,
            "grad_var_more3": 0.3,
            "grad_var_less3": 0.4,
            "margin_avg": -0.2187477500732447,
            "margin_var": 0.1670726875883459,
            "margin_var_more2": 0.4,
            "margin_var_less2": 0.2,
            "margin_var_more3": 0.1,
            "margin_var_less3": 0.0,
            "possible_avg": 0.21847915935078674,
            "possible_var": 0.054907082485974534,
            "possible_var_more2": 0.4,
            "possible_var_less2": 0.6,
            "possible_var_more3": 0.4,
            "possible_var_less3": 0.4,
            "forget_avg": 0.5,
            "forget_var": 0.25
        },
        "3": {
            "loss_avg": 1.701083554438717,
            "loss_var": 0.051174620843034604,
            "loss_var_more2": 0.4,
            "loss_var_less2": 0.2,
            "loss_var_more3": 0.0,
            "loss_var_less3": 0.2,
            "grad_avg": 1.8689314190048578,
            "grad_var": 0.0017417995349151164,
            "grad_var_more2": 0.4,
            "grad_var_less2": 0.6,
            "grad_var_more3": 0.4,
            "grad_var_less3": 0.5,
            "margin_avg": -0.4426371885455639,
            "margin_var": 0.17551468178725602,
            "margin_var_more2": 0.2,
            "margin_var_less2": 0.1,
            "margin_var_more3": 0.2,
            "margin_var_less3": 0.0,
            "possible_avg": 0.1411720695422503,
            "possible_var": 0.04830490446591493,
            "possible_var_more2": 0.2,
            "possible_var_less2": 0.5,
            "possible_var_more3": 0.2,
            "possible_var_less3": 0.0,
            "forget_avg": 0.3,
            "forget_var": 0.20999999999999996
        },
        "4": {
            "loss_avg": 1.7129090059302303,
            "loss_var": 0.014405789103420354,
            "loss_var_more2": 0.5,
            "loss_var_less2": 0.4,
            "loss_var_more3": 0.5,
            "loss_var_less3": 0.2,
            "grad_avg": 1.8397778045567494,
            "grad_var": 0.0013960190164223668,
            "grad_var_more2": 0.4,
            "grad_var_less2": 0.5,
            "grad_var_more3": 0.4,
            "grad_var_less3": 0.5,
            "margin_avg": -0.4103238296268475,
            "margin_var": 0.04664426720361548,
            "margin_var_more2": 0.4,
            "margin_var_less2": 0.4,
            "margin_var_more3": 0.3,
            "margin_var_less3": 0.2,
            "possible_avg": 0.11668795690883411,
            "possible_var": 0.012952257732108308,
            "possible_var_more2": 0.3,
            "possible_var_less2": 0.5,
            "possible_var_more3": 0.2,
            "possible_var_less3": 0.5,
            "forget_avg": 0.6,
            "forget_var": 0.24
        }
    }
}