{
    "uuid": "b59e8203-d868-11ee-bb66-552f1d10f6a7",
    "dataset": {
        "reslution": 32,
        "dataset_name": "KMNIST",
        "regenerate": {
            "type": "sample_sample",
            "rate": 0.5,
            "sample_min": 2000
        }
    },
    "loss fuction": "LA",
    "model": "ResNet",
    "hyperparameter": {
        "Epoch": 9,
        "BS": 512,
        "LR": 0.001,
        "LR decay": "Warm-up",
        "optimize": "Adam"
    },
    "td": {
        "0": {
            "loss_avg": 1.624529803253079,
            "loss_var": 0.06629802121012619,
            "loss_var_more2": 0.4,
            "loss_var_less2": 0.1,
            "loss_var_more3": 0.1,
            "loss_var_less3": 0.1,
            "grad_avg": 1.8633856262704582,
            "grad_var": 0.0020099650909516337,
            "grad_var_more2": 0.3,
            "grad_var_less2": 0.3,
            "grad_var_more3": 0.2,
            "grad_var_less3": 0.3,
            "margin_avg": -0.2925009479355264,
            "margin_var": 0.2277395886902399,
            "margin_var_more2": 0.1,
            "margin_var_less2": 0.0,
            "margin_var_more3": 0.1,
            "margin_var_less3": 0.0,
            "possible_avg": 0.21516181705139056,
            "possible_var": 0.07072611485504304,
            "possible_var_more2": 0.1,
            "possible_var_less2": 0.3,
            "possible_var_more3": 0.1,
            "possible_var_less3": 0.0,
            "forget_avg": 0.2,
            "forget_var": 0.16000000000000006
        },
        "1": {
            "loss_avg": 1.742181524712382,
            "loss_var": 0.013199546033960605,
            "loss_var_more2": 0.6,
            "loss_var_less2": 0.2,
            "loss_var_more3": 0.5,
            "loss_var_less3": 0.2,
            "grad_avg": 1.8623687396081778,
            "grad_var": 0.001235281022057435,
            "grad_var_more2": 0.3,
            "grad_var_less2": 0.7,
            "grad_var_more3": 0.2,
            "grad_var_less3": 0.5,
            "margin_avg": -0.5016069494617301,
            "margin_var": 0.036971948416471015,
            "margin_var_more2": 0.1,
            "margin_var_less2": 0.2,
            "margin_var_more3": 0.1,
            "margin_var_less3": 0.2,
            "possible_avg": 0.09658032899607327,
            "possible_var": 0.012032266090202028,
            "possible_var_more2": 0.2,
            "possible_var_less2": 0.6,
            "possible_var_more3": 0.2,
            "possible_var_less3": 0.4,
            "forget_avg": 0.6,
            "forget_var": 0.24
        },
        "2": {
            "loss_avg": 1.6102676976457893,
            "loss_var": 0.0653662249515437,
            "loss_var_more2": 0.4,
            "loss_var_less2": 0.2,
            "loss_var_more3": 0.1,
            "loss_var_less3": 0.2,
            "grad_avg": 1.8486445646401588,
            "grad_var": 0.0016767439274370187,
            "grad_var_more2": 0.5,
            "grad_var_less2": 0.5,
            "grad_var_more3": 0.5,
            "grad_var_less3": 0.5,
            "margin_avg": -0.23659012124441486,
            "margin_var": 0.18471157751443587,
            "margin_var_more2": 0.1,
            "margin_var_less2": 0.1,
            "margin_var_more3": 0.1,
            "margin_var_less3": 0.0,
            "possible_avg": 0.2229678589291953,
            "possible_var": 0.07045212769871133,
            "possible_var_more2": 0.2,
            "possible_var_less2": 0.5,
            "possible_var_more3": 0.2,
            "possible_var_less3": 0.1,
            "forget_avg": 0.3,
            "forget_var": 0.20999999999999996
        },
        "3": {
            "loss_avg": 1.6842856244988635,
            "loss_var": 0.04883217027771452,
            "loss_var_more2": 0.3,
            "loss_var_less2": 0.2,
            "loss_var_more3": 0.2,
            "loss_var_less3": 0.2,
            "grad_avg": 1.8479970754887631,
            "grad_var": 0.0013904516581128839,
            "grad_var_more2": 0.3,
            "grad_var_less2": 0.7,
            "grad_var_more3": 0.3,
            "grad_var_less3": 0.7,
            "margin_avg": -0.34989267218686165,
            "margin_var": 0.1441363466310469,
            "margin_var_more2": 0.1,
            "margin_var_less2": 0.1,
            "margin_var_more3": 0.1,
            "margin_var_less3": 0.1,
            "possible_avg": 0.14870412980568642,
            "possible_var": 0.049952258135100104,
            "possible_var_more2": 0.2,
            "possible_var_less2": 0.3,
            "possible_var_more3": 0.1,
            "possible_var_less3": 0.0,
            "forget_avg": 0.2,
            "forget_var": 0.16000000000000006
        },
        "4": {
            "loss_avg": 1.553847409009461,
            "loss_var": 0.041328874776879895,
            "loss_var_more2": 0.5,
            "loss_var_less2": 0.3,
            "loss_var_more3": 0.2,
            "loss_var_less3": 0.3,
            "grad_avg": 1.8536420833937206,
            "grad_var": 0.0009114836596509018,
            "grad_var_more2": 0.4,
            "grad_var_less2": 0.5,
            "grad_var_more3": 0.4,
            "grad_var_less3": 0.5,
            "margin_avg": -0.21884971948827414,
            "margin_var": 0.15578644702048738,
            "margin_var_more2": 0.2,
            "margin_var_less2": 0.2,
            "margin_var_more3": 0.1,
            "margin_var_less3": 0.0,
            "possible_avg": 0.2813793103780284,
            "possible_var": 0.04069336296871098,
            "possible_var_more2": 0.3,
            "possible_var_less2": 0.4,
            "possible_var_more3": 0.2,
            "possible_var_less3": 0.2,
            "forget_avg": 0.2,
            "forget_var": 0.16000000000000006
        }
    }
}