{
    "uuid": "b6cb9788-d868-11ee-bb66-552f1d10f6a7",
    "dataset": {
        "reslution": 224,
        "dataset_name": "ImageNet-LT",
        "regenerate": {
            "type": "long_tail_generate",
            "sample": 1,
            "sample_type": "class",
            "rate": 20,
            "sample_min": 2000
        }
    },
    "loss fuction": "LA",
    "model": "VGG",
    "hyperparameter": {
        "Epoch": 10,
        "BS": 512,
        "LR": 0.0001,
        "LR decay": "Cosine",
        "optimize": "Adam"
    },
    "td": {
        "0": {
            "loss_avg": 1.612038061412251,
            "loss_var": 0.03873952161616658,
            "loss_var_more2": 0.4,
            "loss_var_less2": 0.2,
            "loss_var_more3": 0.3,
            "loss_var_less3": 0.2,
            "grad_avg": 1.8388914340634979,
            "grad_var": 0.0009617746802751741,
            "grad_var_more2": 0.4,
            "grad_var_less2": 0.6,
            "grad_var_more3": 0.4,
            "grad_var_less3": 0.6,
            "margin_avg": -0.24825181994988244,
            "margin_var": 0.12504088232163896,
            "margin_var_more2": 0.1,
            "margin_var_less2": 0.3,
            "margin_var_more3": 0.1,
            "margin_var_less3": 0.0,
            "possible_avg": 0.2171005838666847,
            "possible_var": 0.040135218622865405,
            "possible_var_more2": 0.2,
            "possible_var_less2": 0.4,
            "possible_var_more3": 0.2,
            "possible_var_less3": 0.2,
            "forget_avg": 0.3,
            "forget_var": 0.20999999999999996
        },
        "1": {
            "loss_avg": 1.6767679689468493,
            "loss_var": 0.04581886873687136,
            "loss_var_more2": 0.3,
            "loss_var_less2": 0.2,
            "loss_var_more3": 0.1,
            "loss_var_less3": 0.1,
            "grad_avg": 1.8613786785631377,
            "grad_var": 0.002830504780788569,
            "grad_var_more2": 0.4,
            "grad_var_less2": 0.6,
            "grad_var_more3": 0.4,
            "grad_var_less3": 0.6,
            "margin_avg": -0.3717666444233896,
            "margin_var": 0.1632452398329354,
            "margin_var_more2": 0.1,
            "margin_var_less2": 0.2,
            "margin_var_more3": 0.1,
            "margin_var_less3": 0.1,
            "possible_avg": 0.1625092340841246,
            "possible_var": 0.046452521509514774,
            "possible_var_more2": 0.1,
            "possible_var_less2": 0.5,
            "possible_var_more3": 0.1,
            "possible_var_less3": 0.1,
            "forget_avg": 0.2,
            "forget_var": 0.16000000000000006
        },
        "2": {
            "loss_avg": 1.641643909583879,
            "loss_var": 0.04504287974407393,
            "loss_var_more2": 0.4,
            "loss_var_less2": 0.3,
            "loss_var_more3": 0.3,
            "loss_var_less3": 0.3,
            "grad_avg": 1.8513849469399886,
            "grad_var": 0.002479968257851633,
            "grad_var_more2": 0.2,
            "grad_var_less2": 0.5,
            "grad_var_more3": 0.2,
            "grad_var_less3": 0.5,
            "margin_avg": -0.30201421541335555,
            "margin_var": 0.1589442554348889,
            "margin_var_more2": 0.2,
            "margin_var_less2": 0.2,
            "margin_var_more3": 0.2,
            "margin_var_less3": 0.1,
            "possible_avg": 0.19302658583100488,
            "possible_var": 0.04114620231368444,
            "possible_var_more2": 0.3,
            "possible_var_less2": 0.5,
            "possible_var_more3": 0.3,
            "possible_var_less3": 0.4,
            "forget_avg": 0.6,
            "forget_var": 0.24
        },
        "3": {
            "loss_avg": 1.6418306009538337,
            "loss_var": 0.05378713565228873,
            "loss_var_more2": 0.3,
            "loss_var_less2": 0.2,
            "loss_var_more3": 0.1,
            "loss_var_less3": 0.1,
            "grad_avg": 1.856133574890674,
            "grad_var": 0.002773178279295194,
            "grad_var_more2": 0.3,
            "grad_var_less2": 0.6,
            "grad_var_more3": 0.2,
            "grad_var_less3": 0.6,
            "margin_avg": -0.3094039270691867,
            "margin_var": 0.1930721456205244,
            "margin_var_more2": 0.1,
            "margin_var_less2": 0.1,
            "margin_var_more3": 0.1,
            "margin_var_less3": 0.1,
            "possible_avg": 0.1951498999229226,
            "possible_var": 0.05522306404676901,
            "possible_var_more2": 0.1,
            "possible_var_less2": 0.3,
            "possible_var_more3": 0.1,
            "possible_var_less3": 0.1,
            "forget_avg": 0.4,
            "forget_var": 0.24
        },
        "4": {
            "loss_avg": 1.7436290827291585,
            "loss_var": 0.009735688399609045,
            "loss_var_more2": 0.5,
            "loss_var_less2": 0.2,
            "loss_var_more3": 0.5,
            "loss_var_less3": 0.2,
            "grad_avg": 1.850051551647858,
            "grad_var": 0.0010274538571885168,
            "grad_var_more2": 0.5,
            "grad_var_less2": 0.5,
            "grad_var_more3": 0.5,
            "grad_var_less3": 0.5,
            "margin_avg": -0.4753941970553212,
            "margin_var": 0.03270127134684478,
            "margin_var_more2": 0.4,
            "margin_var_less2": 0.5,
            "margin_var_more3": 0.4,
            "margin_var_less3": 0.4,
            "possible_avg": 0.09003630395624676,
            "possible_var": 0.008791496607329865,
            "possible_var_more2": 0.2,
            "possible_var_less2": 0.5,
            "possible_var_more3": 0.2,
            "possible_var_less3": 0.4,
            "forget_avg": 0.4,
            "forget_var": 0.24
        }
    }
}