{
    "uuid": "b7fc8cb3-d868-11ee-bb66-552f1d10f6a7",
    "dataset": {
        "reslution": 224,
        "dataset_name": "ImageNet-LT",
        "regenerate": {
            "type": "sample_sample",
            "rate": 0.4,
            "sample_min": 2000
        }
    },
    "loss fuction": "LA",
    "model": "Swin",
    "hyperparameter": {
        "Epoch": 100,
        "BS": 128,
        "LR": 0.1,
        "LR decay": "Warm-up",
        "optimize": "SGD"
    },
    "td": {
        "loss_avg": 1.6485570759380468,
        "loss_var": 0.04422226277719474,
        "loss_var_more2": 0.4,
        "loss_var_less2": 0.3,
        "loss_var_more3": 0.4,
        "loss_var_less3": 0.3,
        "grad_avg": 0.8059514200753306,
        "grad_var": 0.03801308442799948,
        "grad_var_more2": 0.4,
        "grad_var_less2": 0.3,
        "grad_var_more3": 0.4,
        "grad_var_less3": 0.3,
        "margin_avg": -0.39054401424994,
        "margin_var": 0.16470893702168282,
        "margin_var_more2": 0.3,
        "margin_var_less2": 0.2,
        "margin_var_more3": 0.2,
        "margin_var_less3": 0.1,
        "possible_avg": 0.19404857992466948,
        "possible_var": 0.03801308442799947,
        "possible_var_more2": 0.3,
        "possible_var_less2": 0.4,
        "possible_var_more3": 0.3,
        "possible_var_less3": 0.4,
        "forget_avg": 0.7,
        "forget_var": 0.20999999999999996
    }
}