{
    "uuid": "b59e8349-d868-11ee-bb66-552f1d10f6a7",
    "dataset": {
        "reslution": 32,
        "dataset_name": "SVHN",
        "regenerate": {
            "type": "class_sample",
            "rate": 0.5,
            "class_min": 2,
            "sample_min": 2000
        }
    },
    "loss fuction": "Focal",
    "model": "Swin",
    "hyperparameter": {
        "Epoch": 100,
        "BS": 512,
        "LR": 0.0001,
        "LR decay": "MultiStep",
        "optimize": "AdamW"
    },
    "td": {
        "loss_avg": 1.5949247543278013,
        "loss_var": 0.03655718341976399,
        "loss_var_more2": 0.4,
        "loss_var_less2": 0.2,
        "loss_var_more3": 0.2,
        "loss_var_less3": 0.2,
        "grad_avg": 0.7678896050498489,
        "grad_var": 0.03505920071866523,
        "grad_var_more2": 0.4,
        "grad_var_less2": 0.2,
        "grad_var_more3": 0.3,
        "grad_var_less3": 0.2,
        "margin_avg": -0.19540388878546547,
        "margin_var": 0.11809958086261226,
        "margin_var_more2": 0.2,
        "margin_var_less2": 0.2,
        "margin_var_more3": 0.1,
        "margin_var_less3": 0.2,
        "possible_avg": 0.23211039495015098,
        "possible_var": 0.03505920071866524,
        "possible_var_more2": 0.2,
        "possible_var_less2": 0.4,
        "possible_var_more3": 0.2,
        "possible_var_less3": 0.3,
        "forget_avg": 0.4,
        "forget_var": 0.24000000000000005
    }
}