{
    "uuid": "b6cb9942-d868-11ee-bb66-552f1d10f6a7",
    "dataset": {
        "reslution": 32,
        "dataset_name": "Fashion MNIST",
        "regenerate": {
            "type": "class_sample",
            "rate": 0.4,
            "class_min": 2,
            "sample_min": 2000
        }
    },
    "loss fuction": "LA",
    "model": "Mobilenet",
    "hyperparameter": {
        "Epoch": 11,
        "BS": 512,
        "LR": 0.0001,
        "LR decay": "MultiStep",
        "optimize": "AdamW"
    },
    "td": {
        "loss_avg": 1.661581451360928,
        "loss_var": 0.04117908720410707,
        "loss_var_more2": 0.6,
        "loss_var_less2": 0.4,
        "loss_var_more3": 0.4,
        "loss_var_less3": 0.4,
        "grad_avg": 0.8252600120559709,
        "grad_var": 0.03655703253436191,
        "grad_var_more2": 0.6,
        "grad_var_less2": 0.4,
        "grad_var_more3": 0.5,
        "grad_var_less3": 0.4,
        "margin_avg": -0.33860302756279903,
        "margin_var": 0.15421546122813565,
        "margin_var_more2": 0.3,
        "margin_var_less2": 0.3,
        "margin_var_more3": 0.1,
        "margin_var_less3": 0.1,
        "possible_avg": 0.17473998794402895,
        "possible_var": 0.03655703253436191,
        "possible_var_more2": 0.4,
        "possible_var_less2": 0.6,
        "possible_var_more3": 0.4,
        "possible_var_less3": 0.5,
        "forget_avg": 0.6,
        "forget_var": 0.24000000000000005
    }
}