{
    "uuid": "b7fc8cd4-d868-11ee-bb66-552f1d10f6a7",
    "dataset": {
        "reslution": 224,
        "dataset_name": "Places-LT",
        "regenerate": {
            "type": "sample_sample",
            "rate": 0.8,
            "sample_min": 2000
        }
    },
    "loss fuction": "LS",
    "model": "Swin",
    "hyperparameter": {
        "Epoch": 150,
        "BS": 1024,
        "LR": 0.01,
        "LR decay": "MultiStep",
        "optimize": "AdamW"
    },
    "td": {
        "loss_avg": 1.6457812598386852,
        "loss_var": 0.031497314157814586,
        "loss_var_more2": 0.6,
        "loss_var_less2": 0.3,
        "loss_var_more3": 0.2,
        "loss_var_less3": 0.3,
        "grad_avg": 0.8111519829365644,
        "grad_var": 0.028183855513599792,
        "grad_var_more2": 0.6,
        "grad_var_less2": 0.3,
        "grad_var_more3": 0.4,
        "grad_var_less3": 0.2,
        "margin_avg": -0.3287514993597642,
        "margin_var": 0.1508587911767935,
        "margin_var_more2": 0.3,
        "margin_var_less2": 0.1,
        "margin_var_more3": 0.1,
        "margin_var_less3": 0.1,
        "possible_avg": 0.18884801706343562,
        "possible_var": 0.028183855513599792,
        "possible_var_more2": 0.3,
        "possible_var_less2": 0.6,
        "possible_var_more3": 0.2,
        "possible_var_less3": 0.4,
        "forget_avg": 0.4,
        "forget_var": 0.24000000000000005
    }
}